sample,mean,mean_uncertainty,median,percentile_16,percentile_84
0,-0.3591235876083374,0.33399735982507534,0,-4,4.8999999999998636
1,-0.2817528247833252,0.32439576360077488,0,-4,4.5
2,-0.24101334810256958,0.31585620567102618,0,-4,4
3,-0.17151659727096558,0.30852432067777757,0,-4,4
4,-0.13111947476863861,0.30047103965455274,0,-3.5,4
5,-0.087983570992946625,0.29283074868642645,0,-3.5,4
6,0.012666895054280758,0.28707627361419447,0,-3.4000000000000057,4
7,0.06264977902173996,0.28192378019758846,0,-3,4
8,0.1533721387386322,0.27780990543712614,0,-3,4
9,0.21225607395172119,0.27024056011061698,0,-3,4
10,0.3591235876083374,0.26107544925144638,0,-3,4
11,0.389250248670578,0.24942541880433158,0,-3,4
12,0.43204382061958313,0.23750056879851142,0,-3,4
13,0.50599110126495361,0.22544243478932902,0,-3,4
14,0.59465938806533813,0.21435030110262598,0,-3,4
15,0.62307429313659668,0.20376834979916944,0,-3,4
16,0.67476892471313477,0.19392264158535688,0,-2.5,3.5
17,0.70318382978439331,0.18461656249800079,0,-2.5,3.5
18,0.77850049734115601,0.17562087578661043,0,-2.5,3.5
19,0.81033891439437866,0.17023882783251149,0,-2.5,3
20,0.79801440238952637,0.16259087271436967,0,-2,3
21,0.80383431911468506,0.15357182844803849,0,-2,3
22,0.84936666488647461,0.14435505247672384,0,-2,3
23,0.85450190305709839,0.13584963965274441,0,-2,3
24,0.88325917720794678,0.12927839047802278,0,-2,3
25,0.93118792772293091,0.12625989174104987,0,-2,3
26,1.0403971672058105,0.13033921169150309,0,-2,3
27,1.0544334650039673,0.14233549418325722,0,-2,3
28,1.0369735956192017,0.15798610924078146,0,-2.5,3
29,1.1126326322555542,0.17311937876805158,0,-2.5,3
30,1.1116056442260742,0.18687498052879006,0,-3,3
31,1.0849024057388306,0.20083263699597015,0,-3,3
32,1.0523793697357178,0.21160386073404658,0,-3,3
33,1.0325231552124023,0.22045712372680948,0,-3,3
34,1.0626497268676758,0.22557225272281098,0,-3,3
35,1.1222183704376221,0.23180858011788841,0,-3,3
36,1.1033892631530762,0.23767057496749608,0,-3,3
37,1.0647038221359253,0.24258651367819872,0,-3,3
38,1.0047929286956787,0.24937617856703739,0,-3,3
39,1.112975001335144,0.25791058966750446,0,-3,3
40,1.1201642751693726,0.26850948678182035,0,-3,3
41,1.0725778341293335,0.27624576733339673,0,-3.5,3
42,1.1092091798782349,0.28462821048135939,-0.5,-3.5,3
43,1.2293734550476074,0.29565954678259204,0,-4,3
44,1.2909961938858032,0.3054377428552108,0,-3.5,3
45,1.2440944910049438,0.31850148142447865,-0.5,-4,3.5
46,1.2968161106109619,0.33176497115827475,-0.5,-4,3.5
47,1.3615200519561768,0.34471551354475966,-0.5,-4,4
48,1.4433413743972778,0.35864974752582618,-0.5,-4,4
49,1.4149264097213745,0.37260513386537319,-1,-4,4
50,1.4724409580230713,0.38737847600365904,-1,-4.5,4
51,1.4964053630828857,0.40249323686423094,-1,-4.5,4
52,1.5200273990631104,0.41556949907704849,-1,-5,4
53,1.5532351732254028,0.4256517895529856,-1,-5,4.5
54,1.5939747095108032,0.43325150806540086,-1,-5,5
55,1.5785689353942871,0.44213945508952873,-1,-5,5
56,1.5107840299606323,0.44743381157614426,-1,-5,5
57,1.5402259826660156,0.45264759091842621,-1,-5,5
58,1.5193426609039307,0.45482928125829231,-1,-5,5
59,1.5306402444839478,0.45912825176145494,-1,-5,5
60,1.6347141265869141,0.463168735464426,-1,-5,5.5
61,1.7730228900909424,0.47039860888761542,-1,-5,6
62,1.9784320592880249,0.48173131316554907,-1,-5,6
63,2.5635056495666504,0.50906313375526813,-0.5,-5,7
64,4.8473124504089355,0.5791805574349681,0,-5,10
65,13.052037239074707,0.76678546769993294,3,-3.5,23.899999999999864
66,41.162616729736328,1.1700294660924004,21,2,78
67,125.2574462890625,1.7862291231721323,105,43,204
68,299.627197265625,3.107020166971215,271,158.09999999999999,423
69,547.262939453125,5.8729233101991971,456,312,774.39999999999986
70,809.4906005859375,9.4277076801187185,634,446,1186
71,1040.34130859375,12.797781395616434,791,543.10000000000002,1567.5999999999995
72,1228.2047119140625,15.607459706717901,919,620.59999999999991,1866.6999999999982
73,1378.7034912109375,17.912110207414713,1024,679,2081.5999999999995
74,1495.889404296875,19.795073043629486,1110,724,2253.5999999999995
75,1579.1578369140625,21.22612365167199,1164,755.60000000000002,2380.8999999999996
76,1628.1458740234375,22.147895851644979,1198,772.20000000000005,2456.2999999999993
77,1645.8641357421875,22.560457215657745,1208,778,2481.0999999999985
78,1637.5460205078125,22.534020856066938,1199,772.59999999999991,2468.1999999999989
79,1608.7486572265625,22.158883787733171,1175,761,2426.7999999999997
80,1564.2591552734375,21.511964437974616,1144,742.20000000000005,2352.1999999999998
81,1508.4710693359375,20.659074337019643,1104.5,720.59999999999991,2263.5999999999995
82,1445.6658935546875,19.672299762760829,1060,693,2161.8999999999996
83,1379.376953125,18.618636669087596,1015,667.60000000000002,2054.9999999999986
84,1312.5220947265625,17.548580191060218,974.5,640,1948.8999999999999
85,1247.5299072265625,16.499897856932584,926,613.10000000000002,1844.3999999999992
86,1186.08935546875,15.493597196008878,886,589.10000000000002,1751
87,1130.955810546875,14.552802810217857,847,570.20000000000005,1662.7999999999997
88,1086.388916015625,13.753784255871992,821.5,555,1596
89,1054.441650390625,13.172783649013459,798,544,1549.7999999999997
90,1031.881591796875,12.783105528973872,780.5,536,1516.7999999999997
91,1013.4002075195312,12.498998598277888,768,528,1486.7999999999997
92,994.99078369140625,12.244436840426243,756,520.5,1460.3999999999992
93,975.19891357421875,11.979692233177937,741,512.59999999999991,1430.8999999999999
94,954.28240966796875,11.701916122397435,726,503,1396.7999999999997
95,931.84112548828125,11.407742916043381,707.5,492,1362.3999999999992
96,907.18145751953125,11.084138302361715,688,481,1325
97,880.8548583984375,10.729614350697384,669,468,1287.9999999999993
98,853.650146484375,10.355650233930387,648,455,1246.3999999999992
99,825.89007568359375,9.9688624394542984,629,443,1204.8999999999999
100,798.0106201171875,9.5753478201244207,610,430.59999999999997,1163
101,770.740478515625,9.1832934614500186,591,419,1119
102,744.51385498046875,8.8019494185342637,575,406.59999999999997,1074.3999999999999
103,719.65557861328125,8.4383881409460759,558,394.59999999999997,1037
104,696.38409423828125,8.0989626569794648,543,384.10000000000002,1003.6999999999996
105,674.82745361328125,7.7862625227120859,529,374.10000000000002,969.19999999999891
106,655.02362060546875,7.5021673771838016,513.5,364.59999999999997,934
107,637.19549560546875,7.2452709544679266,502,354,906.39999999999918
108,621.224609375,7.0156727873869213,491,346,879.79999999999973
109,606.95721435546875,6.8156399528320053,481,339,857.39999999999918
110,594.61895751953125,6.6440609979193264,473,332.59999999999997,838.79999999999973
111,583.733642578125,6.4999527986803285,464.5,328,819
112,573.6685791015625,6.3737354295824922,456.5,322,803.59999999999945
113,563.595703125,6.2506911916148287,450,316,789.79999999999973
114,553.32867431640625,6.1261566532583922,443,311,774
115,542.98358154296875,6.0002665130924804,435,305.5,761.29999999999973
116,532.6641845703125,5.8741281431000312,427.5,300,748
117,522.1297607421875,5.745443305909018,419.5,294,732.89999999999986
118,511.08523559570312,5.6106054524433286,412,288,715.89999999999986
119,499.931884765625,5.4717213436124785,403,281,700.79999999999973
120,488.91339111328125,5.3345920596729979,396,274,684
121,477.91680908203125,5.1995694365869607,389,269,668.79999999999973
122,466.9931640625,5.0661633113804578,381,261.5,655
123,456.36529541015625,4.9344201121359434,373,255.09999999999999,640
124,446.06436157226562,4.8069265290018111,366,250,625.79999999999973
125,436.13555908203125,4.6846412392645842,358,245,611
126,426.5234375,4.5678613975889339,350,239,599
127,417.21774291992188,4.4566303185003733,344,233,587
128,408.28826904296875,4.3494938204215075,337,228,576
129,399.75933837890625,4.2464729096452469,330,225,562.79999999999973
130,391.49606323242188,4.149537558025993,324,220,550
131,383.51556396484375,4.058399205261364,317.5,216.09999999999999,537.79999999999973
132,375.82266235351562,3.9712441430098293,311,212,526.79999999999973
133,368.25640869140625,3.8865003947238912,305,207,516
134,360.72885131835938,3.8028713283755513,299.5,202.5,507.79999999999973
135,353.40499877929688,3.722424816531646,294.5,199,499
136,346.21124267578125,3.645181462945573,288.5,194,490.89999999999986
137,339.119140625,3.5670432359239426,283,190,479
138,332.119140625,3.489604317389281,277.5,186,467.5
139,325.22149658203125,3.4162656641688161,272,183,459
140,318.46319580078125,3.3452807585927826,266,179,450.89999999999986
141,311.81170654296875,3.273959688753429,260.5,176,440.89999999999986
142,305.23348999023438,3.2025645795835032,256,171,432
143,298.80007934570312,3.133341871786953,251,168,423
144,292.59671020507812,3.0680923881937519,246,164,410.89999999999986
145,286.55767822265625,3.0030148066991909,242,160,403.39999999999986
146,280.60321044921875,2.941675320340333,236.5,157,394.79999999999973
147,274.84970092773438,2.8837902994482385,231,153,388
148,269.20266723632812,2.8254797430057428,228,149.59999999999999,381
149,263.65936279296875,2.7686540732647105,223,147,373.69999999999959
150,258.266357421875,2.7112239416273329,219,144,366
151,252.99418640136719,2.6566802439807944,215,140.5,357.79999999999973
152,247.85826110839844,2.6044411150364053,211,138,350.39999999999986
153,242.74530029296875,2.5521805554682984,206,135,343
154,237.81889343261719,2.5017565850233558,202,132,337
155,233.02464294433594,2.452591544285692,197.5,129,331
156,228.2259521484375,2.4038195146605128,194,126,323.79999999999973
157,223.52755737304688,2.3570554686665055,190,123,316
158,218.97671508789062,2.3124771980502929,187,120,309
159,214.52345275878906,2.2682704024788287,183,116.59999999999999,303.89999999999986
160,210.12599182128906,2.2257843944965559,180,114,296
161,205.73570251464844,2.1858535230743579,176,111,292.79999999999973
162,201.5621337890625,2.1474662233175739,172,108,287.5
163,197.39814758300781,2.1074619728692072,169,105,282.39999999999986
164,193.26190185546875,2.0702221227038389,166,103,277
165,189.27352905273438,2.0328615380954691,162,101,272.89999999999986
166,185.35536193847656,1.9970370662594454,159,98,266
167,181.53440856933594,1.9623224682697615,156.5,96,260.29999999999973
168,177.83464050292969,1.9271699647513854,154,94,254.5
169,174.19548034667969,1.8916840980298955,150,92.5,249
170,170.60972595214844,1.8569917784503671,147.5,91,243
171,167.08935546875,1.8237098670349465,144.5,88.599999999999994,240
172,163.68025207519531,1.7920509850942676,141,87,236
173,160.29441833496094,1.7596437617209797,138.5,85,231.89999999999986
174,157.0106201171875,1.7321841915038332,134,84,227.39999999999986
175,153.83943176269531,1.7048616316925755,131.5,82,223
176,150.69120788574219,1.6771147210971755,128.5,80,218.79999999999973
177,147.55940246582031,1.6486801991510955,126,79,214.79999999999973
178,144.52618408203125,1.6203948257695329,123.5,77,210
179,141.61212158203125,1.5944246618659208,120.5,76,206
180,138.70318603515625,1.5676373621960817,117,73.5,202
181,135.82608032226562,1.5406335828948521,114.5,72,198
182,133.10133361816406,1.5154640243654411,112,71,194
183,130.38410949707031,1.4907926402021829,109,70,191
184,127.6357421875,1.4659075735251517,106.5,68,186
185,124.94077301025391,1.4415075009263745,104,67,183
186,122.3485107421875,1.4174413870528784,102,66,179.39999999999986
187,119.83601379394531,1.3919702949602055,99.5,64,177
188,117.30434417724609,1.3663168061289632,97.5,63,172.79999999999973
189,114.79116821289062,1.3416829115147166,95,61,169
190,112.44334411621094,1.3172705407863476,93.5,60,165
191,110.12769317626953,1.2935422471596911,91,59,163
192,107.86991119384766,1.2699724816944076,90,58,159
193,105.56795501708984,1.2470580039923589,88,56,155.89999999999986
194,103.36220550537109,1.2250250974395878,86,55,151.89999999999986
195,101.29441833496094,1.2042211514028824,85,54,149
196,99.222869873046875,1.182628882947566,84,53,146
197,97.230400085449219,1.1601703152013638,83,52,142.5
198,95.320777893066406,1.1403176759210678,81,51,139
199,93.445053100585938,1.1202997620369433,80,50.099999999999994,136
200,91.687095642089844,1.0993830936000726,79,49.5,134
201,89.927078247070312,1.0798590347494834,78,48.5,131
202,88.245124816894531,1.0594474352543684,77,47.5,128.39999999999986
203,86.489219665527344,1.0403980357767724,76,46,125
204,84.863746643066406,1.0213355045961219,75,45.5,122
205,83.240325927734375,1.0028546989236133,74,45,120
206,81.634368896484375,0.98427464444770973,73,44,117
207,80.0455322265625,0.96766334731634673,71.5,43,114.89999999999986
208,78.484077453613281,0.95151194948138373,70.5,41.5,112
209,76.878120422363281,0.93439655960497903,69,40.099999999999994,109
210,75.320098876953125,0.9177149298550118,68,39,106.79999999999973
211,73.903457641601562,0.90294663440276457,67,38,104
212,72.482025146484375,0.88937908469036175,66,37.599999999999994,102
213,71.098251342773438,0.87549045105142387,65,37,100
214,69.671348571777344,0.86214218520312147,64,36,98.399999999999864
215,68.395072937011719,0.85065071578919493,63,35,97.399999999999864
216,67.102706909179688,0.83865737086262682,62,34,95
217,65.858955383300781,0.82517861321468744,61,33,94
218,64.539886474609375,0.81273908189800348,59.5,32,92.399999999999864
219,63.333789825439453,0.80102669850198627,59,32,90.5
220,62.153373718261719,0.7911022896180907,58,31,89
221,60.998630523681641,0.7808553426612993,57,30,88
222,59.884284973144531,0.76886461660567595,56,30,87
223,58.779525756835938,0.75888516773487502,55,29,86
224,57.7880859375,0.75092594427966997,54,28,85
225,56.761383056640625,0.74206088210585708,53,28,84
226,55.717220306396484,0.73133248284211183,52,27,82
227,54.693939208984375,0.72273173283553871,51.5,26.5,81.399999999999864
228,53.766860961914062,0.71475433160250923,51,26,80
229,52.812736511230469,0.70602606547433211,50,25,79
230,51.834987640380859,0.69751365514399988,49,24.099999999999994,78
231,50.907909393310547,0.68970194181558231,48.5,24,77
232,49.997604370117188,0.68349201234640533,48,23,76.399999999999864
233,49.038002014160156,0.67776083358675976,47,22.099999999999994,75
234,48.060596466064453,0.67108956045013091,46,21.5,75
235,47.236564636230469,0.6652311392300555,45,21,73.399999999999864
236,46.454296112060547,0.6605854079205814,45,20,72.5
237,45.670661926269531,0.65823160888187149,44,20,72
238,44.826087951660156,0.65304338913458804,43,19,71
239,44.036972045898438,0.64665156605745089,42,18.599999999999994,71
240,43.298870086669922,0.64266639749469912,41.5,18,70
241,42.470043182373047,0.63954503364688109,41,17,69
242,41.614856719970703,0.63363354461290211,40,17,68.5
243,40.824375152587891,0.62703387811329192,39,16,67.899999999999864
244,40.067100524902344,0.62169531216675056,38.5,15.5,67
245,39.242725372314453,0.6162885432612546,37.5,15,66
246,38.504280090332031,0.61138359736202719,37,14.5,64.899999999999864
247,37.763778686523438,0.60565892801559174,36,14,64
248,37.048614501953125,0.5996163372728387,36,13.5,63.5
249,36.374870300292969,0.59486495884616608,35,13,62.5
250,35.639850616455078,0.59022195714383852,34.5,13,62
251,34.91680908203125,0.58588613892575736,34,12,62
252,34.206092834472656,0.58239239324688719,33,11,61
253,33.452583312988281,0.57777549557737551,32,11,60
254,32.700443267822266,0.57491822655995706,31.5,10,59
255,32.124614715576172,0.5729589773072824,31,10,58
256,31.523109436035156,0.5700418687068638,31,9,57
257,30.822320938110352,0.56651849353912409,30,9,56.5
258,30.231428146362305,0.56384110554790567,29,8,55.899999999999864
259,29.705238342285156,0.56136337526934987,29,8,55
260,29.186922073364258,0.55971610542487749,28,7.5,54
261,28.537145614624023,0.5572469251105302,28,7,53
262,27.921943664550781,0.55452373881397321,27,6.0999999999999943,52
263,27.372133255004883,0.5528192484275708,26,6,52
264,26.874700546264648,0.55014870116069459,26,6,51
265,26.346799850463867,0.54744091662014849,26,5,51
266,25.793222427368164,0.54462042468157668,25,5.0999999999999943,49
267,25.241697311401367,0.54256047404960062,24.5,5,49
268,24.799383163452148,0.54028220169375085,24,4,48.399999999999864
269,24.233823776245117,0.53699239326822901,24,4,47.399999999999864
270,23.699075698852539,0.53503159656175758,23,4,47
271,23.163299560546875,0.53328067232585941,22,3.5,46.399999999999864
272,22.669290542602539,0.53220962597922639,22,3,46
273,22.214653015136719,0.53218526942408584,21.5,3,46
274,21.677507400512695,0.53164236120087505,21,2.5,44
275,21.147893905639648,0.53082013268732275,20.5,2,44
276,20.720643997192383,0.5302550583029304,20,2,44
277,20.245121002197266,0.5285284428108048,19.5,1,43
278,19.745977401733398,0.52770393132324112,19,1,42.5
279,19.240671157836914,0.52677055870985956,18.5,1,41.899999999999864
280,18.882232666015625,0.52580469094251048,18,0,41
281,18.445053100585938,0.52583545460826842,18,0,41
282,17.903457641601562,0.52485934024360581,17.5,0,40
283,17.428619384765625,0.5236759497728356,17,-1,40
284,16.987674713134766,0.52437201130197031,16.5,-1,39.5
285,16.56898307800293,0.5243163121615656,16,-1,39
286,16.090723037719727,0.52341467820953957,16,-2,38
287,15.572064399719238,0.52195376904164492,15,-2,37.899999999999864
288,15.13556957244873,0.52174137136841758,15,-2,37
289,14.622047424316406,0.52164927831206642,14,-3,37
290,14.100650787353516,0.52065409349008962,13.5,-3,36
291,13.627866744995117,0.51877606422621625,13,-3.5,36
292,13.194796562194824,0.51832835653067255,13,-4,35.399999999999864
293,12.74323844909668,0.5159975350633409,12,-4,34.899999999999864
294,12.307086944580078,0.51397785304807653,12,-4,34
295,11.864772796630859,0.5110194464618506,11.5,-5,34
296,11.376925468444824,0.5101405996946019,11,-5,33
297,10.935980796813965,0.50902024335846674,11,-5.5,32
298,10.552207946777344,0.50613736062127868,10.5,-5.5,32
299,10.123245239257812,0.50491958356012345,10,-6,31
300,9.7452926635742188,0.50405120366369682,10,-6,30
301,9.3454294204711914,0.50409108887778709,9,-6.5,30
302,8.9828824996948242,0.5027158942528156,9,-7,29.5
303,8.6436147689819336,0.50122058922845569,8.5,-7,29.5
304,8.2933931350708008,0.50033895814939178,8,-7,29
305,8.0037660598754883,0.5009616909950354,8,-8,29
306,7.6391644477844238,0.50013541796425354,8,-8,28
307,7.2663469314575195,0.49970074027810113,7,-8.5,28
308,6.921259880065918,0.49919206010633871,7,-9,28
309,6.6035604476928711,0.49971753228090793,7,-9,27.5
310,6.2749056816101074,0.4992034932917091,6.5,-9.5,27
311,5.8829169273376465,0.49876325564543944,6,-10,26
312,5.5628209114074707,0.49833287022073453,6,-10,26
313,5.2543649673461914,0.49762258871874643,5.5,-10,26
314,4.8575830459594727,0.49780818155517248,5,-11,25
315,4.5532350540161133,0.49738456608032156,5,-11,25
316,4.2146525382995605,0.49583423987231429,5,-11,24
317,3.8240327835083008,0.49558520644272858,4.5,-11,23.5
318,3.4645669460296631,0.49543034800080904,4,-12,23
319,3.1468675136566162,0.49392729451951012,4,-12,23
320,2.8250598907470703,0.49313605985114645,4,-12,22
321,2.4392330646514893,0.49206953610507537,3,-12.5,21
322,2.1102361679077148,0.49256023995144022,3,-13,21
323,1.8842861652374268,0.49186201468872809,3,-13,21
324,1.5713796615600586,0.48981562343224883,2.5,-13.400000000000006,20.5
325,1.2132831811904907,0.48943965369478376,2,-13.5,20
326,0.8873673677444458,0.48985961315420723,2,-13.5,20
327,0.57719957828521729,0.48935732928066461,1.5,-14,20
328,0.24751797318458557,0.48803941913468163,1,-14,19.5
329,-0.080451898276805878,0.48715384748344659,1,-14.5,19
330,-0.43649435043334961,0.48667978555749258,1,-14.900000000000006,18.5
331,-0.73467987775802612,0.48588933184211058,0,-15,18
332,-1.069496750831604,0.48530680009816057,0,-15,18
333,-1.2526532411575317,0.48525771364129527,0,-15,17
334,-1.526874303817749,0.48543171323259804,0,-15,17
335,-1.7812392711639404,0.48471193448565386,-0.5,-16,17
336,-2.0989387035369873,0.48539165102261933,-1,-16,16
337,-2.2875728607177734,0.48576216023859703,-1,-16,16
338,-2.5744607448577881,0.48612606629550753,-1.5,-16,15
339,-2.8010954856872559,0.48668700859519465,-2,-16,15
340,-2.9986305236816406,0.48800301663930218,-2,-17,15
341,-3.2170488834381104,0.48861855649111774,-2,-17,15
342,-3.4536118507385254,0.48895863205864687,-2,-17,14
343,-3.7100307941436768,0.48919864497474608,-2.5,-17,14
344,-3.9589180946350098,0.48878837109479167,-3,-18,14
345,-4.1722011566162109,0.48938171138152903,-3,-18,13
346,-4.4495034217834473,0.48930173766240542,-3,-18,13
347,-4.7439231872558594,0.48878565876215174,-3,-18.5,13
348,-4.9496746063232422,0.48871371162120608,-3,-19,13
349,-5.2187604904174805,0.48633019908890329,-4,-18.5,12.5
350,-5.4765491485595703,0.48574191044058423,-4,-19,12
351,-5.7103729248046875,0.48592945738633592,-4,-19,12.399999999999864
352,-5.9681615829467773,0.48595757275358309,-4,-19,12
353,-6.2482028007507324,0.48605129533209174,-4.5,-19.5,11.5
354,-6.5244779586791992,0.48605171103684153,-5,-20,11.5
355,-6.7494010925292969,0.48497712680558858,-5,-20,11
356,-6.9058542251586914,0.48344923048590582,-5,-19.5,11
357,-7.1516604423522949,0.48452669106037355,-5,-20,10.5
358,-7.4238276481628418,0.48438420663287146,-6,-20.400000000000006,10
359,-7.6573090553283691,0.48495203323461228,-6,-21,10
360,-7.8226633071899414,0.48590848578958112,-6,-21,10
361,-7.960629940032959,0.48639085737606513,-6,-21,10
362,-8.1879491806030273,0.48643826201799495,-6,-21.5,9
363,-8.3365287780761719,0.4865169949252322,-6,-21.400000000000006,9
364,-8.5884971618652344,0.48689292648953103,-6.5,-21.900000000000006,9
365,-8.7699413299560547,0.48725038298536544,-7,-22,9
366,-8.9602880477905273,0.48685211197894934,-7,-22.5,8.5
367,-9.2091751098632812,0.48656494851430615,-7,-23,8
368,-9.4169807434082031,0.48702591820203978,-7,-23,8
369,-9.5754880905151367,0.48830126898425774,-7.5,-23,8
370,-9.811366081237793,0.48732733491281366,-8,-23,8
371,-10.058541297912598,0.48535536791327633,-8,-23.5,7
372,-10.252310752868652,0.48497380098939957,-8,-24,7
373,-10.452584266662598,0.48481478000067491,-8,-24,7
374,-10.677507400512695,0.48317779484240592,-8,-24,6
375,-10.900718688964844,0.48184234961333083,-8.5,-24,6.5
376,-11.039028167724609,0.48294507942443538,-8.5,-24.5,6
377,-11.21944522857666,0.48293825579022143,-9,-24.5,6
378,-11.419377326965332,0.48284841397950296,-9,-24.5,5.5
379,-11.566244125366211,0.48194115519949399,-9,-24.5,6
380,-11.73365306854248,0.48311913932283929,-9,-25,5.5
381,-11.897294998168945,0.48303290876118132,-9,-25,5
382,-12.054433822631836,0.48404862166200607,-9,-25,6
383,-12.139335632324219,0.48347289678425737,-9,-25,6
384,-12.194796562194824,0.48273730109145968,-9,-25,6
385,-12.263950347900391,0.4833384360036711,-9,-25,5
386,-12.422800064086914,0.48522283607208377,-9.5,-25.5,5
387,-12.581649780273438,0.48635630266663471,-10,-26,5
388,-12.65183162689209,0.48686421525052681,-10,-26,4
389,-12.811708450317383,0.48693687802013413,-10,-26,5
390,-12.990072250366211,0.4882961196049469,-10,-26.5,4
391,-13.114344596862793,0.48969179143929992,-10,-26,4
392,-13.207120895385742,0.48882346451342973,-10,-26,4
393,-13.369394302368164,0.48937500821288216,-10.5,-26.5,4
394,-13.533036231994629,0.48873679666943848,-11,-26.400000000000006,3
395,-13.65251636505127,0.48913763599210086,-10.5,-26.5,3
396,-13.781581878662109,0.48775930096173159,-11,-27,3
397,-13.896611213684082,0.4879909778030565,-11,-27,3
398,-14.048613548278809,0.48932944743627077,-11,-27,3
399,-14.21910285949707,0.48987526930552072,-11,-27,3
400,-14.38685417175293,0.48931959484005144,-11,-27.400000000000006,2
401,-14.448476791381836,0.49015493483078743,-11,-27,2
402,-14.631975173950195,0.49054644577042356,-11.5,-27,2
403,-14.801779747009277,0.49053196874514982,-12,-27.5,2
404,-14.881889343261719,0.49017356253960809,-12,-27,2
405,-14.926395416259766,0.49138902459591088,-12,-27.5,2
406,-15.070181846618652,0.49302561389363514,-12,-28,2
407,-15.235877990722656,0.49361178908954018,-12,-28,1
408,-15.39404296875,0.49227332818042591,-12,-28,1
409,-15.501540184020996,0.49231045523717987,-12,-28,0.5
410,-15.670660972595215,0.49215264901225797,-12,-28.5,1
411,-15.869907379150391,0.49019608292520861,-12,-28.5,0.89999999999986358
412,-15.992125511169434,0.48986546197775727,-12.5,-28.400000000000006,0.5
413,-16.080451965332031,0.48957222000402878,-13,-28,1
414,-16.195138931274414,0.48854997237741937,-13,-29,1
415,-16.338239669799805,0.48698182626619535,-12.5,-29,0
416,-16.510440826416016,0.48661672050239507,-13,-29,0
417,-16.65080451965332,0.48662598302104187,-13,-29.900000000000006,0
418,-16.789455413818359,0.48672688530746888,-13,-30,0
419,-16.894214630126953,0.48694420629658675,-13,-30,-0.5
420,-17.030811309814453,0.48745881551745085,-13,-30,-1
421,-17.127010345458984,0.4879096567507763,-13,-30.400000000000006,-1
422,-17.172201156616211,0.48950148322083115,-13,-30.5,-0.5
423,-17.296815872192383,0.49025540615423785,-13.5,-30.5,-1
424,-17.458404541015625,0.4902408820947311,-14,-30,-1
425,-17.542964935302734,0.49118566231717287,-14,-30.5,-1
426,-17.574117660522461,0.49193629724334464,-14,-30,-1
427,-17.735021591186523,0.4938601044647084,-13.5,-31,-1
428,-17.846628189086914,0.49506041254572231,-14,-31,-1
429,-17.952413558959961,0.494993871663713,-14,-31.400000000000006,-1
430,-18.022937774658203,0.49544311269540225,-14,-31,-2
431,-18.125642776489258,0.49580686664165613,-14,-31.5,-2
432,-18.251626968383789,0.49432366631432245,-14,-31.5,-2
433,-18.381717681884766,0.49316147197573962,-14,-32,-2
434,-18.397808074951172,0.49335463836700666,-14,-31.5,-2
435,-18.47791862487793,0.49469444630627091,-14,-32,-2
436,-18.619649887084961,0.49350833262354271,-14,-32,-2
437,-18.758987426757812,0.49229760503610975,-14,-32,-2.5
438,-18.853475570678711,0.49072278883389275,-14.5,-32,-3
439,-18.960630416870117,0.49226963851374161,-15,-32.5,-3
440,-19.116056442260742,0.49105589147738521,-15,-32.5,-3
441,-19.236221313476562,0.48966535848427978,-15,-32.5,-3
442,-19.346799850463867,0.49018712905235107,-15,-32.5,-3
443,-19.402259826660156,0.49128106909589297,-15,-33,-3
444,-19.485107421875,0.49017946444459826,-15,-33,-3
445,-19.649778366088867,0.48835638362879702,-15,-33,-4
446,-19.743581771850586,0.4887138723487055,-15,-33,-4
447,-19.851421356201172,0.48894515049095455,-15,-33.5,-4
448,-19.951387405395508,0.48909446460772416,-15,-33.5,-4
449,-20.062307357788086,0.48718207303206551,-15.5,-34,-4
450,-20.142759323120117,0.48684020050476706,-15.5,-33.5,-4
451,-20.198562622070312,0.48726812040389195,-15.5,-34,-4
452,-20.261211395263672,0.48656235833289158,-16,-34,-4
453,-20.362890243530273,0.48532183186847355,-16,-34,-4
454,-20.475864410400391,0.48434417644963174,-16,-34,-4
455,-20.509756088256836,0.48459155468159737,-16,-33.900000000000006,-4
456,-20.541595458984375,0.48540551408215432,-16,-33.400000000000006,-4
457,-20.567956924438477,0.48439200756124906,-16,-33.5,-4.1000000000001364
458,-20.680246353149414,0.48422225752405401,-16,-34,-4.5
459,-20.710372924804688,0.48335789950608421,-16,-34,-5
460,-20.828824996948242,0.48385627490692817,-16,-34,-5
461,-20.932899475097656,0.48464851352575228,-16,-34,-5
462,-20.957891464233398,0.48554131342338186,-16,-34,-5
463,-21.098596572875977,0.48470291131039106,-16,-34,-5
464,-21.141389846801758,0.48461280076588847,-16,-34,-5
465,-21.161588668823242,0.48387921099555253,-16,-34.5,-5
466,-21.270454406738281,0.48361886638598434,-16,-34,-5.1000000000001364
467,-21.320438385009766,0.48476101667496763,-16,-34,-5
468,-21.345430374145508,0.48480737735397811,-16,-34,-5.5
469,-21.412530899047852,0.48477877243966261,-16,-35,-5.5
470,-21.497774124145508,0.48555041847993946,-16.5,-35,-5.1000000000001364
471,-21.513523101806641,0.48554613010954295,-17,-35,-5.5
472,-21.562135696411133,0.48540379629154146,-16.5,-35,-5
473,-21.635398864746094,0.4850883352232756,-16.5,-35,-5.5
474,-21.708318710327148,0.48434283775774267,-17,-35,-6
475,-21.713111877441406,0.48411985629938231,-17,-35,-6
476,-21.685724258422852,0.48478005341948144,-17,-35,-6
477,-21.729887008666992,0.4851932406935921,-17,-35,-5.5
478,-21.831563949584961,0.4867014254023988,-17,-35,-6
479,-21.833276748657227,0.48681772345415775,-17,-35,-6
480,-21.842519760131836,0.48640508932934945,-17,-35,-6
481,-21.928449630737305,0.48638887759180999,-17,-35,-6
482,-22.003080368041992,0.48586237788719555,-17,-35,-6
483,-21.99144172668457,0.48715056141065216,-17,-35,-6
484,-22.015405654907227,0.48680670528244496,-17,-35,-6
485,-22.058883666992188,0.4861663192162809,-17,-35,-6
486,-22.142759323120117,0.48644171508224304,-17,-35,-6
487,-22.186922073364258,0.4872468385709936,-17,-35,-6
488,-22.236906051635742,0.48807221174446092,-17,-36,-6
489,-22.317014694213867,0.48920320432812503,-17,-35.900000000000006,-6
490,-22.475864410400391,0.48997323880903509,-17,-36,-6
491,-22.526874542236328,0.4893615578010736,-17.5,-36,-6
492,-22.626497268676758,0.48922753700812277,-18,-36,-6
493,-22.698049545288086,0.48883173759060733,-18,-36,-6
494,-22.719274520874023,0.48819071300065808,-17.5,-36,-6.5
495,-22.798013687133789,0.48801188585691962,-18,-36,-6
496,-22.895925521850586,0.48841719579118426,-18,-37,-6
497,-22.923656463623047,0.4886408212084703,-18,-36.5,-6
498,-23.003765106201172,0.48931158044658596,-18,-36.900000000000006,-7
499,-23.123245239257812,0.49039743489235982,-18,-36.5,-7
500,-23.196849822998047,0.48967922190614821,-18,-37,-7
501,-23.139335632324219,0.48991852853130685,-18,-37,-7
502,-23.230400085449219,0.48989144383282651,-18,-37,-7
503,-23.365285873413086,0.49125826525903826,-18,-37,-7
504,-23.418350219726562,0.4904177733078498,-18,-37.5,-7
505,-23.449502944946289,0.48990734201072894,-18,-37,-7
506,-23.514549255371094,0.4893256779069195,-18,-37,-7
507,-23.615200042724609,0.49016964383722333,-18,-37,-7
508,-23.637453079223633,0.4899881356966761,-18,-37,-7.5
509,-23.582334518432617,0.49056724765078269,-18,-37,-7
510,-23.56761360168457,0.49045125584901789,-18,-37,-7
511,-23.653884887695312,0.49105737432198837,-18.5,-38,-7.5
512,-23.69770622253418,0.49084280519245843,-18.5,-37.5,-7.5
513,-23.770626068115234,0.49124109111228265,-19,-37.5,-7.5
514,-23.774049758911133,0.49157374517172764,-18.5,-38,-7
515,-23.847654342651367,0.49272584350434651,-19,-38,-7.5
516,-23.929475784301758,0.49191166160916455,-18.5,-37.900000000000006,-8
517,-23.977405548095703,0.49075984622696628,-19,-38,-8
518,-24.008901596069336,0.49065928996591973,-18.5,-37.900000000000006,-8
519,-24.063335418701172,0.48976869639584464,-18.5,-38,-8
520,-24.198562622070312,0.48961301849066141,-19,-38,-8
521,-24.277645111083984,0.49037271355809581,-18.5,-38,-8
522,-24.298185348510742,0.4901162775498884,-18.5,-38,-8
523,-24.406709671020508,0.48922949246533898,-19,-38,-8
524,-24.527215957641602,0.48849361145854719,-19,-38,-8
525,-24.584732055664062,0.48770865599653562,-19,-38,-8.6000000000001364
526,-24.539541244506836,0.48795612824694579,-19,-38.5,-9
527,-24.60527229309082,0.4886502870162156,-19,-39,-8.5
528,-24.640876770019531,0.48804112896438334,-19,-38,-8
529,-24.706607818603516,0.48754026441770421,-19,-39,-8
530,-24.641561508178711,0.4869650810731817,-19,-38,-8
531,-24.674083709716797,0.48653730168450326,-19,-38,-8
532,-24.712427139282227,0.48816857406724889,-19,-38.900000000000006,-8
533,-24.710372924804688,0.48759526019195154,-19,-38.5,-9
534,-24.761041641235352,0.48872302017929981,-19,-39,-8
535,-24.750770568847656,0.48869823282800651,-19,-38.5,-8
536,-24.797328948974609,0.49003036097588359,-19,-38.5,-8
537,-24.880519866943359,0.4903445566221169,-19,-38.400000000000006,-9
538,-24.887025833129883,0.49051171063326232,-19,-39,-9
539,-24.84149169921875,0.49128038489571219,-19,-39,-8.5
540,-24.893529891967773,0.49236351701818987,-19,-39,-9
541,-24.940773010253906,0.49395895367914766,-19,-38.5,-9
542,-25.013010025024414,0.49245335443103488,-19,-39,-9
543,-25.043821334838867,0.49273121923640889,-19,-39,-9
544,-25.090723037719727,0.49307000314297139,-19,-38.5,-9
545,-25.110921859741211,0.49254293004777377,-19,-38.5,-9
546,-25.047927856445312,0.49218601288052033,-19,-38.5,-9
547,-25.111604690551758,0.4928436619826797,-19,-38,-9
548,-25.109893798828125,0.49271745789854243,-19.5,-38,-9
549,-25.162273406982422,0.49205650508989895,-19,-38,-9
550,-25.234851837158203,0.49111655988248809,-19.5,-38.5,-9
551,-25.226291656494141,0.49206762484747946,-19.5,-39,-9
552,-25.207805633544922,0.49200786920039941,-19.5,-39,-9
553,-25.269086837768555,0.49082541873286717,-19.5,-39,-9
554,-25.291681289672852,0.49084990085703101,-19,-38.5,-9
555,-25.282779693603516,0.49078050052070021,-19,-38.5,-9
556,-25.268402099609375,0.49007540531455296,-19.5,-38.5,-9
557,-25.24957275390625,0.49093618899924174,-19,-38.5,-9
558,-25.287572860717773,0.49193763611801389,-19.5,-38.5,-9
559,-25.288599014282227,0.49201082979957522,-19,-38.5,-9
560,-25.346456527709961,0.49218507146468921,-19.5,-39,-9
561,-25.389934539794922,0.49199190347209298,-20,-39,-9
562,-25.406368255615234,0.49241241937700531,-19.5,-39,-9
563,-25.44676399230957,0.49203159199878643,-19.5,-39,-9
564,-25.490243911743164,0.4924221015994541,-20,-38.5,-9
565,-25.484081268310547,0.49260831975335428,-20,-38.900000000000006,-9
566,-25.547758102416992,0.49186460083097194,-20,-38.900000000000006,-9
567,-25.635398864746094,0.49154546089507839,-20,-39,-9.1000000000001364
568,-25.706607818603516,0.49128455540157601,-20,-39,-9
569,-25.698390960693359,0.49222483835443298,-20,-39,-9
570,-25.769599914550781,0.49317580214593115,-20,-38.5,-9.5
571,-25.838411331176758,0.49235694986653961,-20,-39,-9.5
572,-25.873672485351562,0.49238584019520926,-20,-39,-9.6000000000001364
573,-25.829853057861328,0.4927640599287974,-20,-39,-10
574,-25.882232666015625,0.4932981640752056,-20,-40,-9
575,-25.944196701049805,0.49164291037936575,-20,-39,-10
576,-25.958576202392578,0.4911758912871082,-20,-39.400000000000006,-10
577,-25.882232666015625,0.49105885573172819,-20,-40,-10
578,-25.912700653076172,0.4908114734418087,-20,-40,-10
579,-25.952413558959961,0.49080008454460738,-20,-40,-10
580,-25.988018035888672,0.49118407771424738,-20,-39,-10
581,-25.991783142089844,0.49136846065786283,-20,-39,-10
582,-25.956863403320312,0.49239883844786431,-20,-39,-10
583,-25.942827224731445,0.49232476880302123,-20,-39.5,-10
584,-25.987674713134766,0.49294629371882026,-20,-39.900000000000006,-10
585,-25.945224761962891,0.49356199716292992,-20,-39.5,-10
586,-25.930845260620117,0.4944985512251559,-20,-39.5,-10
587,-25.938718795776367,0.49281171399726975,-20,-39,-10
588,-25.976377487182617,0.49177863727392085,-20,-39.400000000000006,-10
589,-26.020540237426758,0.49199677713527012,-20,-39,-10
590,-25.982540130615234,0.49230901045014108,-20,-39,-10
591,-25.928449630737305,0.49203779612132531,-20,-39.5,-10
592,-25.942485809326172,0.49329446230178603,-20,-40,-10
593,-26.022594451904297,0.49390243134061185,-20,-39.5,-10
594,-26.042108535766602,0.49340205488211963,-20,-39,-10
595,-26.019514083862305,0.49415296754265886,-20,-39.400000000000006,-10
596,-26.034576416015625,0.492224388803715,-20.5,-39,-10
597,-26.066757202148438,0.49235340797449306,-20,-40,-10
598,-25.965423583984375,0.49287647677838459,-20,-39.5,-10
599,-25.965423583984375,0.49320439633529972,-20,-39,-10
600,-26.062992095947266,0.49252369020412923,-20,-39.5,-10
601,-26.104074478149414,0.49162877567958202,-20,-39,-10
602,-26.048612594604492,0.49145820277365182,-20,-39.5,-10
603,-26.059226989746094,0.49128803857792885,-20,-39,-10
604,-26.118795394897461,0.49138014919017786,-20,-39,-10
605,-26.149948120117188,0.49073258859753704,-20,-39.5,-10
606,-26.21910285949707,0.49117121116030843,-20,-39.5,-10
607,-26.256076812744141,0.49111328483693922,-20,-39,-10
608,-26.244094848632812,0.4917497405745026,-20,-40,-10
609,-26.305032730102539,0.49077127834089607,-20,-39,-10
610,-26.293392181396484,0.48997623152626946,-20.5,-39.5,-10
611,-26.258815765380859,0.49041461272073145,-20.5,-39,-10
612,-26.260526657104492,0.49185579929079826,-20.5,-39,-10
613,-26.242040634155273,0.49140473608026952,-20.5,-39.900000000000006,-10
614,-26.296131134033203,0.49125272911746093,-20,-39,-10
615,-26.259157180786133,0.4911364842502926,-20,-39,-10
616,-26.256418228149414,0.49190802332799793,-20.5,-39.5,-10
617,-26.20335578918457,0.4898576102712992,-20,-39,-10
618,-26.206436157226562,0.48965428585866072,-20,-40,-10
619,-26.241697311401367,0.49153909973702581,-20.5,-39.5,-10
620,-26.219446182250977,0.49232725537533834,-20,-40,-10
621,-26.282094955444336,0.49160495020432626,-20,-40,-10
622,-26.247175216674805,0.49204500323548023,-20,-40,-10
623,-26.252653121948242,0.49232704181596443,-20,-40,-10
624,-26.251968383789062,0.49251894615713782,-20,-40,-10
625,-26.294761657714844,0.49311116739963995,-20.5,-40,-10
626,-26.291681289672852,0.49381447167837655,-20,-40,-10
627,-26.288942337036133,0.49440715513520994,-20,-40,-10
628,-26.261554718017578,0.49413283383823625,-20,-39.5,-10
629,-26.303319931030273,0.49368728826881431,-20,-40,-10
630,-26.297843933105469,0.49344281181319555,-20,-40,-10
631,-26.286203384399414,0.49411973181601099,-20,-40,-10
632,-26.308113098144531,0.49380416860709664,-20,-40,-10
633,-26.361177444458008,0.49346479908027907,-20.5,-40,-10
634,-26.353988647460938,0.49277257046439715,-20.5,-40,-10
635,-26.347484588623047,0.49290701845086943,-20,-40,-10
636,-26.333789825439453,0.49174838090502448,-20,-40,-10
637,-26.327285766601562,0.49171411404171911,-20,-40,-10
638,-26.337554931640625,0.49194666048450147,-20,-40,-10
639,-26.315303802490234,0.4927514696737858,-20,-40,-10
640,-26.375898361206055,0.49361342599031943,-20,-40,-10
641,-26.370079040527344,0.49363417066874116,-20,-40,-10
642,-26.398836135864258,0.49448720913815697,-20,-40,-10
643,-26.402259826660156,0.49421517995614089,-20,-40.400000000000006,-10
644,-26.384799957275391,0.49493205999035694,-20,-40,-10
645,-26.409448623657227,0.49637163459832762,-20.5,-40.5,-10
646,-26.468332290649414,0.49545149656391918,-20,-40,-10.5
647,-26.438549041748047,0.49357458487727535,-20,-40,-10
648,-26.450872421264648,0.49255734747882901,-20,-41,-10
649,-26.440603256225586,0.49338638637808402,-20.5,-40,-10
650,-26.473810195922852,0.49150950850335834,-20,-40.5,-10
651,-26.457035064697266,0.48959446287297381,-20,-40,-10.5
652,-26.466278076171875,0.48850283276108902,-20,-40,-11
653,-26.528928756713867,0.48920564420613921,-20.5,-41,-10
654,-26.510440826416016,0.48939663041658737,-20.5,-40.400000000000006,-10.5
655,-26.516603469848633,0.48765494471016935,-20.5,-40,-10.5
656,-26.599794387817383,0.48712437263757957,-21,-40,-10
657,-26.62101936340332,0.48766107837810146,-21,-40,-10.100000000000136
658,-26.562479019165039,0.48787817324232702,-20.5,-40,-10
659,-26.482368469238281,0.48879140198344578,-20,-40,-10
660,-26.544675827026367,0.49024138713249565,-20.5,-40,-10
661,-26.632659912109375,0.49017925420744507,-21,-40,-10
662,-26.647039413452148,0.49021025766605886,-21,-40,-10
663,-26.660390853881836,0.49153704200507953,-21,-40,-10
664,-26.671344757080078,0.49173704827514075,-21,-40.900000000000006,-11
665,-26.612119674682617,0.49190261159104215,-21,-40,-10
666,-26.612461090087891,0.49268468884636701,-21,-40,-10
667,-26.584388732910156,0.49309122339232592,-21,-40.5,-10
668,-26.588497161865234,0.49237369494172145,-21,-40,-10
669,-26.568641662597656,0.49274015355672718,-21,-40,-10
670,-26.536117553710938,0.49273943403383064,-21,-40,-10
671,-26.570695877075195,0.49276075445390444,-21,-40.400000000000006,-10
672,-26.582677841186523,0.49418195933775794,-20.5,-40.400000000000006,-10
673,-26.55255126953125,0.49417174580053147,-21,-40,-10
674,-26.543991088867188,0.49420204340677631,-21,-40,-10
675,-26.495719909667969,0.49406437969454275,-21,-40,-10
676,-26.520370483398438,0.49506346150512237,-21,-40,-11
677,-26.547073364257812,0.49676055898669075,-21,-40,-10
678,-26.566587448120117,0.49578906137097811,-21,-40,-10
679,-26.564533233642578,0.49633405225520111,-21,-40,-10
680,-26.566587448120117,0.49667836269979648,-21,-40.5,-10
681,-26.599794387817383,0.49712523050140972,-21,-40,-10
682,-26.616569519042969,0.49589797764410665,-21,-40.400000000000006,-10
683,-26.592947006225586,0.49607283703198851,-21,-40.400000000000006,-10
684,-26.661075592041016,0.49491275090409542,-21,-40,-10
685,-26.636083602905273,0.49505684447081288,-20.5,-40,-10
686,-26.60527229309082,0.49497734983893571,-21,-40,-10
687,-26.602533340454102,0.4948480833110902,-21,-40,-10
688,-26.660390853881836,0.4947680627116221,-21,-40,-10
689,-26.611091613769531,0.49437313272294225,-20.5,-40,-10
690,-26.587469100952148,0.49403574891675167,-21,-40,-10
691,-26.623073577880859,0.49486128746995206,-21,-40,-10
692,-26.676137924194336,0.49551388295616661,-21,-41,-10
693,-26.669290542602539,0.4939456358103797,-21,-40,-10
694,-26.669290542602539,0.49486490411960715,-21,-40.5,-10
695,-26.65936279296875,0.49372692371708471,-21,-40,-10
696,-26.712427139282227,0.49302820903401146,-20.5,-40,-10
697,-26.729887008666992,0.49256956777574828,-20.5,-40,-10
698,-26.77165412902832,0.49374920053526195,-21,-40,-10
699,-26.728860855102539,0.49413533519320396,-21,-40,-10
700,-26.840808868408203,0.49197880998733678,-21,-40,-10
701,-26.880178451538086,0.49138948834760998,-20.5,-40,-11
702,-26.897979736328125,0.49162296114204451,-21,-40,-10.600000000000136
703,-26.820266723632812,0.49202916964186427,-21,-40,-10.5
704,-26.839439392089844,0.4906982285496575,-21,-39.5,-11
705,-26.87846565246582,0.49056896924748999,-21,-39.5,-11
706,-26.846969604492188,0.4909608499951672,-21,-40,-11
707,-26.866827011108398,0.49168992168237735,-21,-40,-11
708,-26.880863189697266,0.49165610195835152,-21,-40,-11
709,-26.974666595458984,0.4910931919372219,-21,-40,-10
710,-26.952413558959961,0.49190032996669103,-21,-40,-11
711,-26.873672485351562,0.49244250742772555,-21,-40,-11
712,-26.874015808105469,0.49228549608964178,-21,-40,-10.5
713,-26.921602249145508,0.49195737025672087,-21,-40,-11
714,-26.930845260620117,0.49348428983493575,-21,-40,-11
715,-26.876070022583008,0.49450864023910102,-21,-40,-11
716,-26.878808975219727,0.49497394127908584,-21,-40,-11
717,-26.814104080200195,0.49352919399298634,-21,-40,-11
718,-26.779184341430664,0.49193932056800727,-21,-40.5,-11
719,-26.765832901000977,0.49240398926612594,-21,-40,-11
720,-26.73536491394043,0.49388711154936293,-21,-40,-10.600000000000136
721,-26.673057556152344,0.49476446823137421,-21,-40,-10
722,-26.662786483764648,0.497355203316727,-20.5,-40,-11
723,-26.652858734130859,0.50064635109701261,-21,-40,-10.5
724,-26.642587661743164,0.50190196959637501,-21,-40,-11
725,-26.601848602294922,0.50288550945365262,-21,-40,-11
726,-26.595344543457031,0.50354308715646334,-21,-40,-11
727,-26.541936874389648,0.50603459664699668,-21,-40,-10.5
728,-26.512153625488281,0.50620552018218201,-20.5,-39.5,-11
729,-26.510784149169922,0.50589658359905243,-20.5,-40,-10.5
730,-26.509071350097656,0.50449475378351549,-21,-40,-11
731,-26.576515197753906,0.50453323007038575,-21,-40,-10.5
732,-26.484081268310547,0.50500826226008499,-20.5,-39.900000000000006,-10
733,-26.474153518676758,0.50375196722474513,-20.5,-39.5,-10
734,-26.503252029418945,0.50257910174128739,-20.5,-39.5,-10
735,-26.557685852050781,0.50279371158665209,-20.5,-40,-10
736,-26.536802291870117,0.50243562155673149,-21,-40,-10
737,-26.533721923828125,0.50194752664132047,-20.5,-40,-10
738,-26.498458862304688,0.50088577412955659,-20,-40,-10
739,-26.519685745239258,0.4994763098268627,-21,-40,-10
740,-26.539199829101562,0.4983835728998588,-20.5,-39.5,-10.5
741,-26.626155853271484,0.4986730763915142,-21,-40,-11
742,-26.612461090087891,0.49774406383831549,-21,-39.5,-10.600000000000136
743,-26.633687973022461,0.49737691381160959,-20.5,-40,-11
744,-26.670318603515625,0.49681480854987137,-21,-40,-11
745,-26.663471221923828,0.49608325694878347,-21,-40,-11
746,-26.663129806518555,0.49528549066409483,-20.5,-39.5,-11
747,-26.759328842163086,0.49494216583442724,-21,-40,-11
748,-26.736734390258789,0.49474678770234426,-20.5,-40,-11
749,-26.70489501953125,0.49595637848602697,-21,-40,-11
750,-26.720643997192383,0.49584294517228267,-21,-40,-11
751,-26.793222427368164,0.49477066915587875,-21,-40.5,-11
752,-26.807943344116211,0.4950663291605335,-21,-40,-11
753,-26.766517639160156,0.49452400672230451,-21,-40,-11
754,-26.740842819213867,0.49374541605453781,-21,-40,-11
755,-26.77952766418457,0.4922325476818149,-21,-40,-11
756,-26.782608032226562,0.49116741372126832,-21,-40,-11
757,-26.807258605957031,0.49115434814770165,-21,-40,-10.600000000000136
758,-26.769599914550781,0.49176988418692102,-21,-39.5,-11
759,-26.819240570068359,0.4908567166805532,-21,-40,-11
760,-26.843889236450195,0.48971549410620352,-21,-40,-11
761,-26.862375259399414,0.48929884713236754,-21,-40,-11
762,-26.831222534179688,0.48980621947961644,-21,-40,-11
763,-26.850051879882812,0.49031598552997541,-21,-40,-11
764,-26.936323165893555,0.49069278801027505,-21,-40,-11
765,-26.973297119140625,0.49007353255441893,-21,-40,-11
766,-26.904142379760742,0.49046156642199806,-21,-40,-11
767,-26.844573974609375,0.4905409561717467,-21,-40.400000000000006,-11
768,-26.853132247924805,0.49013191154003727,-21,-40,-11
769,-26.913728713989258,0.48873694030724324,-21,-40.400000000000006,-11
770,-26.837041854858398,0.49006067529692932,-21,-40,-11
771,-26.881204605102539,0.49160676565264294,-21,-40,-11
772,-26.922286987304688,0.49132247424068221,-21,-40,-11
773,-26.958917617797852,0.49099326330882015,-21,-40.5,-11
774,-26.940088272094727,0.49185589187154255,-21,-40.400000000000006,-11
775,-26.873331069946289,0.49365354956467888,-21,-40.5,-11
776,-26.935981750488281,0.49395566331039253,-21,-40,-11
777,-26.91612434387207,0.49319321675509414,-21,-40.5,-11
778,-26.908935546875,0.49337650476741995,-21,-40.5,-11
779,-26.907222747802734,0.49438625392834568,-21,-40.5,-11
780,-26.908935546875,0.49398102973719049,-21,-40,-11
781,-26.880863189697266,0.49338063522364295,-21,-40,-11
782,-26.813419342041016,0.4938768891920034,-21,-40,-11
783,-26.777814865112305,0.49496360245628079,-21,-40,-11
784,-26.722698211669922,0.49554319291046223,-21,-40,-11
785,-26.732282638549805,0.4964817321859985,-21,-40.5,-11
786,-26.722013473510742,0.49661226046645496,-21,-40,-11
787,-26.711400985717773,0.49780558565306116,-21,-40,-11
788,-26.677165985107422,0.49795109819490696,-21,-40,-11
789,-26.752824783325195,0.49785254930760303,-21,-40,-11
790,-26.742897033691406,0.49646251765108335,-21,-40,-11
791,-26.758302688598633,0.49656847501705687,-21,-40,-11
792,-26.720300674438477,0.49617935318798989,-21,-39.5,-11
793,-26.78740119934082,0.49562890253676889,-21,-40,-11
794,-26.761726379394531,0.49331250410650995,-21,-40,-11
795,-26.687435150146484,0.49131880770100889,-21,-40,-11
796,-26.612119674682617,0.49048886120746815,-21,-40,-11
797,-26.581649780273438,0.49118326565584886,-21,-40,-11
798,-26.5604248046875,0.49235526570399346,-21,-40,-11
799,-26.504621505737305,0.4930146243074881,-21,-40,-11
800,-26.544334411621094,0.49463859205973404,-21,-40,-11
801,-26.536802291870117,0.49636702804337346,-21,-40,-11
802,-26.518657684326172,0.49736809631337864,-21,-40,-10.5
803,-26.504280090332031,0.49743432661978254,-21,-40,-11
804,-26.454639434814453,0.4965725925021145,-21,-40,-11
805,-26.451557159423828,0.49777634335681975,-21,-40,-10.600000000000136
806,-26.524135589599609,0.49795050739290087,-21,-40,-11
807,-26.456008911132812,0.49614971090578219,-21,-39.5,-11
808,-26.418350219726562,0.49547864478262305,-21,-39.400000000000006,-11
809,-26.412872314453125,0.49445243964890118,-21,-39.5,-11
810,-26.453611373901367,0.4930550234091679,-21,-39.5,-10.600000000000136
811,-26.559055328369141,0.49201694824132269,-21,-40,-11
812,-26.508729934692383,0.49091695993317069,-21,-40,-11
813,-26.484081268310547,0.49076342984002952,-20.5,-39.5,-10.600000000000136
814,-26.511125564575195,0.48966498502905431,-21,-40,-10.5
815,-26.577541351318359,0.48842491624044476,-21,-40,-11
816,-26.580623626708984,0.48770817331375416,-21,-40,-11
817,-26.49366569519043,0.48799222189201463,-21,-40,-11
818,-26.476890563964844,0.48844123925502658,-21,-40,-11
819,-26.500171661376953,0.48807920056697701,-21,-40,-10
820,-26.541252136230469,0.48609763356655078,-21,-40,-11
821,-26.528244018554688,0.48523420185065014,-21,-40,-11
822,-26.478603363037109,0.48498478428954417,-21,-40,-10.600000000000136
823,-26.47004508972168,0.48437880020529145,-21,-40,-10.5
824,-26.535432815551758,0.48331916218408821,-21,-40,-10
825,-26.500513076782227,0.48147163319744335,-21,-40,-10.600000000000136
826,-26.514549255371094,0.48206985306005251,-21,-40,-10.5
827,-26.534748077392578,0.48300991449425701,-21,-40,-11
828,-26.515918731689453,0.48212966338891616,-21,-40,-10
829,-26.514549255371094,0.4817423855554247,-21,-40,-10
830,-26.498802185058594,0.48215759579266354,-21,-40,-11
831,-26.53132438659668,0.48301618434630395,-21,-40,-11
832,-26.566928863525391,0.48248513621127159,-21,-40.400000000000006,-11
833,-26.512495040893555,0.48257669241926948,-21,-40,-11
834,-26.475522994995117,0.48489528048026764,-21,-40.400000000000006,-11
835,-26.504621505737305,0.48510011616394461,-21,-40.5,-10.5
836,-26.508386611938477,0.48548374694882096,-21,-40,-11
837,-26.529613494873047,0.48587911428561964,-21,-40.5,-10
838,-26.55974006652832,0.48711049290609532,-21,-40.900000000000006,-11
839,-26.555631637573242,0.48761476446447871,-21,-41,-11
840,-26.528244018554688,0.48841042144782204,-21,-40,-11
841,-26.608352661132812,0.48766871001454987,-21,-40.900000000000006,-11
842,-26.585416793823242,0.48878631648163662,-21,-40.5,-11
843,-26.569667816162109,0.48852097002316947,-21,-40,-11
844,-26.558370590209961,0.48775409076676357,-21,-40,-10.100000000000136
845,-26.519001007080078,0.48713941938832089,-21,-40.5,-11
846,-26.519342422485352,0.48683173400771085,-21,-40,-11
847,-26.517288208007812,0.48606809851241223,-20.5,-40,-11
848,-26.484081268310547,0.48624356037602889,-21,-40,-11
849,-26.539882659912109,0.48661005525493906,-21,-40,-11
850,-26.501197814941406,0.48668108355385969,-21,-40,-11
851,-26.444368362426758,0.48759096021244452,-21,-40,-11
852,-26.429304122924805,0.48762912359270233,-21,-40,-11
853,-26.395071029663086,0.48789045796447122,-21,-39.5,-11
854,-26.505990982055664,0.48757616435795004,-21,-40,-11
855,-26.52345085144043,0.48799564681122537,-21,-40,-11
856,-26.53132438659668,0.48814394957156043,-21,-40,-10.600000000000136
857,-26.50633430480957,0.48848893685691164,-21,-40,-10.5
858,-26.480998992919922,0.48800748538080463,-21,-40,-11
859,-26.57548713684082,0.4872202086723697,-21,-40,-11
860,-26.600137710571289,0.48600762230710498,-21,-40,-11
861,-26.558712005615234,0.48510506990525604,-21,-40,-10.600000000000136
862,-26.545360565185547,0.48440428842937822,-21,-40,-11
863,-26.585073471069336,0.48394624747645332,-21,-40,-11
864,-26.565902709960938,0.48450076887856314,-21,-40,-11
865,-26.491613388061523,0.48436517463300277,-21,-40,-11
866,-26.498117446899414,0.48379228016035508,-21,-39.900000000000006,-11
867,-26.495378494262695,0.48465750524957896,-21,-39.5,-11
868,-26.467990875244141,0.48607037551510496,-20.5,-39.5,-11
869,-26.44025993347168,0.48627144689385776,-20.5,-40,-11
870,-26.435466766357422,0.48534402606063259,-21,-40,-11
871,-26.474153518676758,0.48553243673100371,-21,-40,-11
872,-26.419034957885742,0.48677512949361779,-21,-40,-11
873,-26.40260124206543,0.48619883438746897,-21,-40,-11
874,-26.442314147949219,0.48528440925620281,-21,-40,-11
875,-26.381376266479492,0.48707887982764975,-21,-39.900000000000006,-11
876,-26.42314338684082,0.48762652017321834,-21,-39.5,-11
877,-26.381032943725586,0.48683652069537703,-21,-40,-11
878,-26.301267623901367,0.48558526640351174,-20.5,-39,-11
879,-26.282438278198242,0.48718427850644763,-20.5,-39,-11
880,-26.227319717407227,0.48814006777606095,-20,-39.5,-10
881,-26.211570739746094,0.48826604986887479,-20.5,-39,-10.5
882,-26.109209060668945,0.48771765668774891,-20,-39,-10.5
883,-26.155426025390625,0.4875956762678646,-21,-39,-11
884,-26.225265502929688,0.48788705600024701,-21,-39,-11
885,-26.139335632324219,0.48864037912099811,-20.5,-39,-10.5
886,-26.122560501098633,0.48836807529624326,-20.5,-39,-10.5
887,-26.109209060668945,0.48773628658763318,-20.5,-39,-10.600000000000136
888,-26.133857727050781,0.48669920095743213,-20.5,-39,-10.100000000000136
889,-26.205066680908203,0.48669781625122466,-20.5,-39,-11
890,-26.159191131591797,0.4873018219937344,-20.5,-39.5,-11
891,-26.185211181640625,0.48646200039608428,-20,-39.800000000000011,-11
892,-26.259841918945312,0.48561012193894482,-20.5,-39,-11
893,-26.224237442016602,0.48363690069184762,-20,-39,-11
894,-26.201301574707031,0.48444935263687477,-20.5,-39,-11
895,-26.201986312866211,0.4846075051828625,-21,-39,-11
896,-26.244094848632812,0.48346934053324742,-20.5,-39,-11
897,-26.285177230834961,0.48328882265160827,-20,-39,-10.5
898,-26.25813102722168,0.4835732913461141,-20.5,-39,-11
899,-26.268402099609375,0.48251252222432156,-21,-39,-10.5
900,-26.272167205810547,0.48234168102304303,-20.5,-38.5,-11
901,-26.328996658325195,0.48189412876173832,-20.5,-39,-11
902,-26.347484588623047,0.48237421198662045,-20,-39,-11
903,-26.386510848999023,0.48155848248094246,-20.5,-39,-11
904,-26.3485107421875,0.48096949541062606,-20,-39,-10.5
905,-26.400205612182617,0.48115117968284959,-20.5,-39,-10.5
906,-26.423828125,0.47997196763958844,-21,-38.5,-11
907,-26.369050979614258,0.47772330962569809,-20.5,-39,-10.5
908,-26.296131134033203,0.47652374926287167,-20.5,-39,-10
909,-26.308797836303711,0.47824249499512156,-21,-39,-10.600000000000136
910,-26.287572860717773,0.48057617178389667,-20.5,-39,-11
911,-26.159875869750977,0.48366904599801308,-20.5,-39,-10
912,-26.163642883300781,0.48569051261884777,-20.5,-39,-10
913,-26.208831787109375,0.48672460861348649,-20.5,-40,-10
914,-26.209859848022461,0.48811548402638211,-20.5,-39.5,-10.5
915,-26.170490264892578,0.48869373878175193,-20.5,-39,-11
916,-26.12872314453125,0.48953060938474735,-20.5,-39,-10.5
917,-26.162614822387695,0.48911563814776049,-20.5,-39,-10
918,-26.138309478759766,0.48800014909578882,-20.5,-39.5,-10
919,-26.138650894165039,0.48767110094389204,-20.5,-39,-10
920,-26.126668930053711,0.48757039175710359,-20.5,-39,-10
921,-26.077028274536133,0.48626805250515892,-20,-39.5,-10
922,-26.091064453125,0.48451894328886597,-20.5,-39.5,-10
923,-26.146524429321289,0.48452263469368628,-20,-39.900000000000006,-10
924,-26.095172882080078,0.48279623985614634,-20.5,-39,-10
925,-26.124958038330078,0.48228647229423338,-20.5,-39,-10.5
926,-26.123929977416992,0.48161612043538449,-20.5,-39.5,-10.5
927,-26.113317489624023,0.48101669489593141,-20,-40,-10
928,-26.009243011474609,0.48161363898319398,-20,-39,-10
929,-26.054775238037109,0.48115191995526718,-20,-39.5,-10
930,-26.130434036254883,0.47944491084134921,-20.5,-40,-10
931,-26.137624740600586,0.47832843933359043,-20.5,-40,-10
932,-26.079082489013672,0.47899516852894264,-20.5,-39.5,-10.5
933,-26.084901809692383,0.47836413434965952,-21,-39,-11
934,-26.125299453735352,0.47882764559224,-20.5,-39.5,-10.5
935,-26.189319610595703,0.47854195909001984,-20,-40,-11
936,-26.159875869750977,0.47818927832213215,-20.5,-39.5,-10
937,-26.172201156616211,0.47752082263642981,-20.5,-39.5,-10.5
938,-26.15850830078125,0.4766629571364695,-20.5,-40,-11
939,-26.196508407592773,0.47619189639662418,-21,-40,-11
940,-26.26531982421875,0.47645774894228055,-21,-40,-11
941,-26.261896133422852,0.4769496713484988,-21,-39.5,-10.5
942,-26.314619064331055,0.47645005777900795,-21,-40,-10.5
943,-26.383771896362305,0.47507989917810356,-20.5,-40,-11
944,-26.346456527709961,0.47334288499546601,-21,-39.400000000000006,-11
945,-26.325572967529297,0.47381227310698781,-20.5,-39.5,-11
946,-26.331050872802734,0.47348695564224003,-20.5,-40,-11
947,-26.334815979003906,0.47335739490423168,-20,-40,-11
948,-26.289283752441406,0.47248201703794818,-20,-40,-11
949,-26.257787704467773,0.47355021858029339,-20.5,-40,-11
950,-26.210201263427734,0.47486072136119473,-20.5,-39.400000000000006,-11
951,-26.200273513793945,0.47542256614363215,-20,-39.5,-10.100000000000136
952,-26.164669036865234,0.47528826388248158,-20,-39,-10
953,-26.150291442871094,0.47534144794504057,-20,-39,-10.5
954,-26.079423904418945,0.47514464903006493,-20,-39.5,-10
955,-26.124958038330078,0.47525466489430185,-20,-39,-10
956,-26.123588562011719,0.47506343758320579,-20,-39.5,-10.5
957,-26.130092620849609,0.4764807791890705,-20,-39,-10
958,-26.054433822631836,0.4777284858413024,-20,-39,-10.100000000000136
959,-26.053064346313477,0.47652607785203377,-20,-39,-11
960,-26.034576416015625,0.47602768414585683,-20,-39,-10
961,-26.057857513427734,0.47692675728709844,-20,-39.5,-10
962,-26.010955810546875,0.47763856943420879,-20,-39,-10
963,-25.988702774047852,0.47721950009356362,-20,-39.900000000000006,-10
964,-26.034235000610352,0.47701344784055155,-20,-39.900000000000006,-10.5
965,-25.989728927612305,0.47719014854089986,-20,-39.900000000000006,-10
966,-25.955493927001953,0.47848755473892396,-20,-39.5,-10.100000000000136
967,-25.929819107055664,0.47847571957657131,-20,-39.5,-10.100000000000136
968,-25.926395416259766,0.47922292512642567,-20,-39.5,-10
969,-25.918863296508789,0.47760176342613836,-20,-39.5,-10.5
970,-25.968162536621094,0.47757822951721185,-20,-39,-10
971,-25.985279083251953,0.47751848822308818,-20,-39,-10.5
972,-25.978775024414062,0.47654993155876096,-20,-39,-10
973,-26.007532119750977,0.47511260244322556,-20,-39,-10.5
974,-26.008901596069336,0.47539012740634368,-20,-38.5,-11
975,-26.00068473815918,0.47562796518071077,-20,-39,-11
976,-25.989728927612305,0.47537864979294769,-20,-39,-10.5
977,-25.957206726074219,0.47429544477371,-20,-39,-10
978,-25.988702774047852,0.47481994315309883,-20,-39,-10.5
979,-25.964395523071289,0.47408548750921164,-20,-39,-10.100000000000136
980,-25.985279083251953,0.4744235621016622,-20,-39,-11
981,-25.959945678710938,0.47340665211495397,-20,-39,-11
982,-25.881889343261719,0.47573669079964687,-20,-39,-10.5
983,-25.844573974609375,0.47829433871323601,-20,-39,-10
984,-25.851762771606445,0.47862519132065057,-20,-39,-10
985,-25.863744735717773,0.47805961339855313,-20,-39,-10
986,-25.750085830688477,0.4789494963990053,-20,-39,-10
987,-25.786375045776367,0.47920415053560778,-20,-39,-10
988,-25.800067901611328,0.47935930692674772,-20,-39,-10
989,-25.817527770996094,0.47901389420594137,-20,-39,-10
990,-25.791168212890625,0.47931679328827997,-20,-39.400000000000006,-10
991,-25.806915283203125,0.47866123379547293,-20,-39,-10.5
992,-25.83430290222168,0.47982471159473966,-20,-39,-10
993,-25.894899368286133,0.47906418835499226,-20,-39,-10
994,-25.900718688964844,0.47859486406657126,-20,-39.5,-10
995,-25.893871307373047,0.478486928202777,-20,-39,-10
996,-25.880519866943359,0.48009884901286676,-20,-39,-10
997,-25.830194473266602,0.48072756798376282,-20,-39,-10
998,-25.833276748657227,0.47942565321043706,-20,-39.5,-10
999,-25.827114105224609,0.48018094268247791,-20,-39,-10
1000,-25.837041854858398,0.48102278103692808,-20,-39.5,-10
1001,-25.858266830444336,0.48140747328203393,-20,-39.5,-10
1002,-25.851421356201172,0.48078435829943439,-20,-39.5,-10
1003,-25.800067901611328,0.48085052719936827,-20,-39.5,-10
1004,-25.736049652099609,0.48204502859716214,-20,-39,-10
1005,-25.790140151977539,0.48197629747500603,-20,-39,-10
1006,-25.797672271728516,0.48149637001777607,-20,-39,-10
1007,-25.836015701293945,0.48154166151384986,-20,-39,-10
1008,-25.838069915771484,0.48223444857690068,-20,-39,-10
1009,-25.846969604492188,0.48180224699080304,-20,-39,-10
1010,-25.842861175537109,0.48107218889039643,-20,-39,-10
1011,-25.800067901611328,0.47999687498328214,-20,-39,-10
1012,-25.853475570678711,0.48097620752950787,-20,-39,-10
1013,-25.853475570678711,0.48175499882887901,-20,-39,-10
1014,-25.844573974609375,0.48183495598766207,-20,-39,-10
1015,-25.783292770385742,0.48245933640862632,-20,-39,-10
1016,-25.770969390869141,0.48330099219525197,-20,-39,-10
1017,-25.725093841552734,0.48457489416655081,-20,-39,-10
1018,-25.679220199584961,0.48557845073316058,-20,-39,-10
1019,-25.674427032470703,0.48663532607038135,-20,-39.5,-10
1020,-25.686408996582031,0.48768178769791087,-20,-39.400000000000006,-10
1021,-25.742212295532227,0.48768444839328395,-20,-39,-10
1022,-25.73399543762207,0.48889153092150528,-20,-39,-10
1023,-25.711057662963867,0.48881320388195065,-20,-39.400000000000006,-10
