sample,mean,median,percentile_16,percentile_84
0,-0.6236993670463562,0,-4,4.5
1,-0.56017249822616577,0,-4,4.2599999999997635
2,-0.42599946260452271,0,-3.5,4.5
3,-0.36959201097488403,0,-3.5,4
4,-0.2756708562374115,0,-3,4
5,-0.2133762389421463,0,-3,4
6,-0.22172781825065613,0,-3,4
7,-0.14355148375034332,0,-3,4
8,-0.12055038660764694,0,-3,4
9,-0.099329136312007904,0,-3,4
10,-0.084953449666500092,0,-3,4
11,-0.088650055229663849,0,-3,4
12,-0.054148413240909576,0,-3,3.5
13,-0.021837349981069565,0,-3,3.5
14,0.02649233303964138,0,-3,3.5
15,0.025397041812539101,0,-2.5,3
16,0.066059693694114685,0,-2.5,3
17,0.085090361535549164,0,-2,3
18,0.10809145867824554,0,-2,3
19,0.14327766001224518,0,-2,3
20,0.1491648405790329,0,-2,3
21,0.16764786839485168,0,-2,3
22,0.2163882851600647,0,-2,3
23,0.22323384881019592,0,-2,3
24,0.22391840815544128,0,-2,2
25,0.27224808931350708,0,-2,2
26,0.29648137092590332,0,-2,2.5
27,0.3179764449596405,0,-2.5,2.5
28,0.33372125029563904,0,-3,2.5
29,0.34289431571960449,0,-3,2.5
30,0.35165661573410034,0,-3,3
31,0.38054490089416504,0,-3,3
32,0.38602134585380554,0,-3,3
33,0.41929081082344055,0,-3,3
34,0.46515607833862305,0,-3,3
35,0.48117470741271973,0,-3,3
36,0.49993154406547546,0,-3,3
37,0.53990966081619263,0,-3,3
38,0.5700300931930542,0,-3.5,3
39,0.56948244571685791,0,-3.5,3
40,0.59549564123153687,0,-4,3
41,0.64300382137298584,0,-4,3
42,0.68804764747619629,0,-4,3
43,0.70036965608596802,-0.5,-4,3
44,0.77197426557540894,0,-4,3
45,0.82632803916931152,0,-4,3
46,0.93448793888092041,0,-4,3
47,0.96091181039810181,-0.5,-4.5,3.2599999999997635
48,1.0479874610900879,-0.5,-4.5,3.5
49,1.1443729400634766,-0.5,-5,3.5
50,1.1947562694549561,-0.5,-5,4
51,1.2741647958755493,-0.5,-5,4
52,1.3842414617538452,-0.75,-5,4
53,1.554832935333252,-0.5,-5,4
54,1.7114595174789429,-1,-5,4
55,2.1450574398040771,-0.5,-5,4.5
56,2.9329819679260254,-0.5,-5,5
57,5.3066129684448242,0,-5,8.2599999999997635
58,13.884241104125977,4,-3,23.759999999999764
59,43.534160614013672,26,4,78
60,121.68421173095703,95.5,30,210.75999999999976
61,270.03033447265625,222,88.5,458
62,481.85137939453125,395,167,825
63,728.20709228515625,586,250.5,1265
64,979.69818115234375,781.25,327,1713.2599999999998
65,1218.3572998046875,961.25,402.74000000000001,2127
66,1436.2275390625,1126,469.24000000000001,2509.7799999999993
67,1629.973388671875,1263.25,533.5,2845.0799999999981
68,1798.0791015625,1383,586.48000000000002,3131.3199999999983
69,1940.351318359375,1488,629,3372.7599999999998
70,2057.835205078125,1579.5,667.74000000000001,3574
71,2152.688720703125,1650,700,3735
72,2227.52490234375,1705.5,723,3860.5199999999995
73,2285.235595703125,1755.25,742,3964.5199999999995
74,2328.8046875,1790.25,758.5,4035.7599999999998
75,2360.811767578125,1814,771,4086
76,2383.56689453125,1830.5,781.48000000000002,4118.5599999999986
77,2399.0673828125,1842.75,785,4150.5199999999995
78,2408.961181640625,1853.25,787.24000000000001,4170.5199999999995
79,2415.047607421875,1855.5,793,4176
80,2420.01708984375,1857,797.24000000000001,4187.5199999999995
81,2427.211181640625,1866.5,799.74000000000001,4196.5199999999995
82,2438.76318359375,1877,806.48000000000002,4220.0399999999991
83,2454.188720703125,1888,811,4250
84,2471.3662109375,1899.75,817.48000000000002,4274.5199999999995
85,2488.17724609375,1916.75,821,4308.5599999999986
86,2503.067138671875,1932.5,825,4331.0399999999991
87,2515.14599609375,1945.25,828.24000000000001,4354.0399999999991
88,2524.03076171875,1953.75,831.48000000000002,4373.8199999999979
89,2529.59033203125,1958.75,835.24000000000001,4385.2600000000002
90,2531.725341796875,1961.5,835,4390.5199999999995
91,2530.635498046875,1960.5,835.74000000000001,4389.5199999999995
92,2526.70556640625,1957.5,834,4381.0799999999981
93,2520.21044921875,1953.5,834,4360.5
94,2511.596923828125,1947.75,829.74000000000001,4349.0399999999991
95,2501.23291015625,1941.5,826.24000000000001,4325.2600000000002
96,2489.50439453125,1934,821.24000000000001,4309.5599999999986
97,2476.648681640625,1924.5,816.48000000000002,4288.5199999999995
98,2462.96630859375,1911.5,813,4262.2799999999988
99,2448.662353515625,1897.5,808.74000000000001,4231.7600000000002
100,2433.960205078125,1891,803,4209.5199999999995
101,2419.165771484375,1881.75,799,4188.7600000000002
102,2404.5302734375,1867.25,793.24000000000001,4166.2600000000002
103,2390.220703125,1856.25,787.74000000000001,4145.7799999999988
104,2376.105712890625,1843,783,4120
105,2362.056884765625,1833.5,779,4093.8199999999983
106,2347.906005859375,1821,772,4073.1999999999953
107,2333.537353515625,1813,767.74000000000001,4050.5599999999986
108,2318.77099609375,1800.5,763,4024.0399999999991
109,2303.6142578125,1789.75,757.24000000000001,3994.0399999999991
110,2287.899169921875,1777.75,751.48000000000002,3969.5599999999986
111,2271.6689453125,1764.5,746.48000000000002,3943.0399999999991
112,2254.95947265625,1751,741,3910.0799999999981
113,2237.876953125,1737.5,735,3881.6399999999967
114,2220.444580078125,1726,728.48000000000002,3857.2599999999998
115,2202.790283203125,1709.5,723,3822.5199999999995
116,2184.935302734375,1695.5,716.48000000000002,3787.5199999999995
117,2166.874267578125,1684,709.74000000000001,3752.0399999999991
118,2148.723876953125,1671.5,702.24000000000001,3717.0399999999991
119,2130.49560546875,1656.75,697,3683.5199999999995
120,2112.261474609375,1642.5,690,3654.3199999999983
121,2093.99169921875,1628,683,3621.5199999999995
122,2075.791015625,1612,677,3591.0399999999991
123,2057.6455078125,1598,671.74000000000001,3557.2999999999988
124,2039.484619140625,1583.5,666,3529.0399999999991
125,2021.3641357421875,1568.25,659.74000000000001,3502.2799999999993
126,2003.2943115234375,1554.5,653,3474.0799999999981
127,1985.20947265625,1540.25,647.74000000000001,3443.2599999999998
128,1967.0703125,1527.75,641,3409.5199999999995
129,1948.9610595703125,1513.75,633.24000000000001,3380.5599999999986
130,1930.92529296875,1498,628.24000000000001,3349.0399999999991
131,1912.8748779296875,1482.5,623,3314.0399999999991
132,1894.8250732421875,1465.25,617.24000000000001,3287.0399999999991
133,1876.863037109375,1452,610,3251.5199999999995
134,1858.846435546875,1440,604.74000000000001,3221
135,1840.8753662109375,1428.5,599,3185
136,1822.959716796875,1416.25,592.5,3153
137,1805.115234375,1400,586,3120
138,1787.32861328125,1385,580,3088.7799999999993
139,1769.6290283203125,1370.5,573.74000000000001,3053
140,1751.9794921875,1356.75,568,3019.0199999999995
141,1734.454833984375,1344.5,562,2986.7599999999998
142,1717.026611328125,1330,554.5,2959.0399999999991
143,1699.70263671875,1315,549,2926.7599999999998
144,1682.4447021484375,1301,544,2897.5199999999995
145,1665.258544921875,1287,537,2868.7599999999998
146,1648.234375,1272,532.48000000000002,2840.7599999999998
147,1631.3154296875,1259,526.48000000000002,2812.0199999999995
148,1614.51806640625,1246,519.74000000000001,2781.7799999999993
149,1597.8004150390625,1230,513,2752.7599999999998
150,1581.2264404296875,1216,508,2727.0399999999991
151,1564.706787109375,1206.5,504.22000000000003,2697.7599999999998
152,1548.297119140625,1194.25,498,2670
153,1531.9603271484375,1181.25,491.48000000000002,2638.5199999999995
154,1515.6907958984375,1168.5,485.24000000000001,2610
155,1499.519775390625,1158.75,481,2580.3399999999979
156,1483.4755859375,1147,475,2552.7999999999988
157,1467.5841064453125,1134.5,470,2524.5199999999995
158,1451.82177734375,1124,464,2499
159,1436.2255859375,1112,458,2471.7799999999993
160,1420.73876953125,1099.75,453.74000000000001,2447.5599999999986
161,1405.3753662109375,1088.75,446,2416.7799999999993
162,1390.10400390625,1078,440.24000000000001,2389.0799999999981
163,1374.9813232421875,1067,436.24000000000001,2360.5199999999995
164,1359.9940185546875,1054,431,2334.5199999999995
165,1345.103515625,1044,426,2313
166,1330.339599609375,1033,421,2290.0399999999991
167,1315.7294921875,1021.25,417,2265.7599999999998
168,1301.2508544921875,1009,413,2240.5199999999995
169,1286.9246826171875,998.25,409,2216.2599999999998
170,1272.6806640625,987,402,2191.5199999999995
171,1258.567626953125,978.25,397.48000000000002,2169
172,1244.583740234375,966.5,391.74000000000001,2147.2799999999993
173,1230.731689453125,956,387,2125.7999999999988
174,1217.01806640625,945.5,382.24000000000001,2103.7799999999993
175,1203.4041748046875,935,378,2081.2799999999993
176,1189.8504638671875,923.25,372,2056.2599999999998
177,1176.4378662109375,914,367.48000000000002,2035.5199999999995
178,1163.1103515625,904,364,2010.0199999999995
179,1149.907958984375,893,359.24000000000001,1990
180,1136.870361328125,882.75,355,1969
181,1123.96533203125,871.25,350.48000000000002,1946
182,1111.2220458984375,861,347,1926
183,1098.594482421875,853,342,1903.2799999999993
184,1086.1197509765625,843,337.24000000000001,1883.2599999999998
185,1073.8092041015625,832.75,333.24000000000001,1861
186,1061.6580810546875,825.25,329,1839
187,1049.6171875,815.5,325,1822
188,1037.714599609375,807,320,1801.5199999999995
189,1025.9073486328125,796,316,1780.5
190,1014.2088623046875,787,313,1758.5199999999995
191,1002.5808715820312,777,308,1737.5
192,991.1201171875,769,304.5,1718.5199999999995
193,979.81634521484375,761,301,1701.5199999999995
194,968.57073974609375,753,297,1681.7599999999998
195,957.42999267578125,743,293,1661
196,946.41119384765625,734,289,1643
197,935.43927001953125,725,285,1624
198,924.6358642578125,717,280,1605.0399999999991
199,913.950927734375,708,277,1586.7799999999993
200,903.38232421875,699.25,273,1569.2599999999998
201,892.88153076171875,693.5,268.5,1550.5199999999995
202,882.46954345703125,686,265.48000000000002,1533.2799999999993
203,872.20697021484375,678,262,1513
204,862.0828857421875,669.5,258,1499
205,852.02825927734375,662,255,1479.5199999999995
206,842.08453369140625,653,252,1463
207,832.25335693359375,645,248,1448.5199999999995
208,822.53057861328125,637.25,244,1432.2799999999993
209,812.849609375,631,241,1418.5199999999995
210,803.3123779296875,623,238,1403
211,793.83538818359375,617,235,1384.7599999999998
212,784.444091796875,609,231.24000000000001,1369
213,775.1650390625,601.5,227.5,1354.2599999999998
214,766.0771484375,595,225,1341
215,757.0433349609375,588,222,1325
216,748.15447998046875,580.25,219,1310.5199999999995
217,739.34906005859375,572,216.5,1298
218,730.63671875,566,213,1282.5199999999995
219,721.97900390625,560.25,210,1269.5199999999995
220,713.39288330078125,554,206,1254
221,704.89794921875,548,204,1239.5199999999995
222,696.54302978515625,542.5,201,1225
223,688.2322998046875,536.5,197.5,1209.5199999999995
224,680.07110595703125,529.75,195,1194.5199999999995
225,671.94036865234375,523,192,1181.5199999999995
226,663.94464111328125,518,189.74000000000001,1166.5199999999995
227,656.01470947265625,512,186,1153.2599999999998
228,648.21038818359375,505.5,182.48000000000002,1141
229,640.4710693359375,500,180,1130
230,632.787841796875,493,177,1117.2599999999998
231,625.15777587890625,488,175,1105
232,617.58837890625,481,171.24000000000001,1091
233,610.13189697265625,476,169,1079.7599999999998
234,602.68792724609375,469.75,166,1066
235,595.405029296875,463.25,163.24000000000001,1054.2999999999988
236,588.20513916015625,458,161,1042.7599999999998
237,581.09442138671875,452,159,1029.5199999999995
238,574.01580810546875,446,156.24000000000001,1020
239,567.03497314453125,440,154,1007
240,560.07318115234375,434,152,995
241,553.213623046875,428,149.24000000000001,985.25999999999976
242,546.44268798828125,423.25,147,974
243,539.7596435546875,417.75,144.24000000000001,960.51999999999953
244,533.14190673828125,412,141.5,949.51999999999953
245,526.603271484375,407,139.5,940
246,520.12384033203125,403,136.24000000000001,931
247,513.74334716796875,397.5,134.5,918.75999999999976
248,507.39382934570312,393,132,907.51999999999953
249,501.12847900390625,388,129.5,898
250,494.90121459960938,383.25,128,887
251,488.8001708984375,378.75,125.5,873.51999999999953
252,482.74063110351562,374,123.24000000000001,863.75999999999976
253,476.76663208007812,370,121,852
254,470.821533203125,365,119,841
255,464.953369140625,360,117,831.27999999999929
256,459.13726806640625,356,115,820.75999999999976
257,453.39190673828125,351,113,810.75999999999976
258,447.64862060546875,347,111,801.75999999999976
259,441.98910522460938,341.5,109,792
260,436.37506103515625,336.5,107.74000000000001,781.5
261,430.76553344726562,332,106,772.51999999999953
262,425.27169799804688,327,104,762
263,419.80401611328125,323.25,102,753
264,414.39340209960938,319,100,744
265,409.01129150390625,314.75,98,734
266,403.76910400390625,311,97,727
267,398.6064453125,306.5,95,718
268,393.424072265625,302,93.740000000000009,711
269,388.32522583007812,297.75,92,702.51999999999953
270,383.31591796875,293,91,693
271,378.38137817382812,289,89.5,686
272,373.51211547851562,286,89,677
273,368.67462158203125,282,87.5,669.25999999999976
274,363.8687744140625,278,86,660.51999999999953
275,359.12808227539062,273,85,653.25999999999976
276,354.4150390625,270,84,645.51999999999953
277,349.76895141601562,266.5,82.5,640
278,345.1717529296875,263,81,631.5
279,340.63409423828125,260,80.240000000000009,623
280,336.08822631835938,256,79,614
281,331.65914916992188,253,78,607.25999999999976
282,327.20175170898438,250,77.740000000000009,600.75999999999976
283,322.78457641601562,246.25,76.240000000000009,591
284,318.443115234375,242.5,76,584
285,314.15805053710938,238.75,75,576.51999999999953
286,309.93011474609375,235,73.5,568
287,305.65750122070312,231,72,560
288,301.47418212890625,228,71,553
289,297.3880615234375,224.5,70,546.5
290,293.29702758789062,221,69,539.5
291,289.25088500976562,218,68.5,532
292,285.23992919921875,214.75,68,524.51999999999953
293,281.2799072265625,211.5,67,518.25999999999976
294,277.32168579101562,208,66,511.25999999999976
295,273.46200561523438,204.5,65,504
296,269.60028076171875,201.5,64.5,497
297,265.78579711914062,198.5,64,491
298,261.96432495117188,196,63,485
299,258.20709228515625,193,62,478
300,254.50459289550781,189,61,471.51999999999953
301,250.78155517578125,186.25,60,465.75999999999976
302,247.11192321777344,183,59,460
303,243.44380187988281,180,58,454
304,239.89396667480469,177.5,57.5,448.5
305,236.33345031738281,175,56.240000000000009,442
306,232.82522583007812,172,56,435
307,229.36164855957031,169,55,429
308,225.98898315429688,166,54,423.25999999999976
309,222.57879638671875,163,53,417
310,219.25732421875,160,52,411
311,215.9510498046875,157.5,51,406.25999999999976
312,212.67764282226562,155,50.5,400.75999999999976
313,209.43804931640625,151.75,50,395.25999999999976
314,206.26649475097656,149,49,390
315,203.17216491699219,146,48.740000000000009,384
316,200.06509399414062,144,48,378
317,196.93914794921875,141,47,373
318,193.94845581054688,138.5,46,368
319,190.95639038085938,136,45.5,363.25999999999976
320,188.02403259277344,134,44.5,358.75999999999976
321,185.12918090820312,131,44,354
322,182.25677490234375,128.5,43.5,349
323,179.37767028808594,127,42.740000000000009,344.5
324,176.51979064941406,125,42,340
325,173.68463134765625,122,41.5,334
326,170.94776916503906,120,40.5,328.25999999999976
327,168.18119812011719,118,40,323
328,165.43708801269531,115,39,319
329,162.74595642089844,113,38.5,314
330,160.04661560058594,111,38,309.51999999999953
331,157.35261535644531,108.25,37,305
332,154.76869201660156,106,36,300
333,152.21296691894531,103.5,36,294.75999999999976
334,149.6446533203125,102,35,289.75999999999976
335,147.07769775390625,100,35,285
336,144.56332397460938,98,34,280.5
337,142.06935119628906,96.5,33.5,276.5
338,139.63369750976562,95,33,272
339,137.23446655273438,93,32,268
340,134.87466430664062,92,31,264.5
341,132.4993896484375,90.5,31,260
342,130.12794494628906,89,30,255.75999999999976
343,127.83522796630859,88,30,251.75999999999976
344,125.51485443115234,86,29,248
345,123.28306579589844,85,29,243
346,121.08180236816406,84,28,238.75999999999976
347,118.89409637451172,82,27.740000000000009,235
348,116.69132995605469,81,27,231
349,114.47487640380859,79.5,27,226.25999999999976
350,112.32276916503906,78,26,223
351,110.21817016601562,77,26,219
352,108.10507965087891,76,25,215.5
353,105.99691772460938,75,24.5,212.51999999999953
354,103.95831298828125,74,24,209
355,101.90231323242188,72.5,23,205.25999999999976
356,99.887664794921875,72,22,202
357,97.897247314453125,70,22,198
358,95.886428833007812,69,21.740000000000009,195
359,93.917236328125,68,21,191
360,91.969261169433594,66,20,187
361,90.052230834960938,65,20,183
362,88.195167541503906,64,19,179
363,86.3519287109375,63,19,175.25999999999976
364,84.4915771484375,62,18,172
365,82.65765380859375,61,18,168
366,80.830848693847656,60,17,165
367,79.064964294433594,59,17,161
368,77.338516235351562,58,16,158
369,75.61370849609375,57,15.5,155
370,73.893417358398438,56,15,151
371,72.1976318359375,55,14.5,148
372,70.542236328125,54,14,146
373,68.895332336425781,53,13,142.5
374,67.340019226074219,52,13,139.5
375,65.785118103027344,51,12.5,137
376,64.206253051757812,51,12,134
377,62.649166107177734,50,12,130
378,61.116718292236328,48.5,11,127.25999999999976
379,59.600288391113281,47,10.5,124.5
380,58.114936828613281,47,10,121
381,56.646839141845703,46,9,118
382,55.183528900146484,45,9,115.5
383,53.698451995849609,44,8.2400000000000091,113
384,52.166961669921875,43,8,110
385,50.681751251220703,42,7,107
386,49.230079650878906,41,7,104
387,47.789634704589844,40,6,101
388,46.345905303955078,39,6,98.759999999999764
389,44.925315856933594,38,5.5,96
390,43.532379150390625,37.5,5,94
391,42.184215545654297,36.5,4.5,92
392,40.865074157714844,36,4,90
393,39.539772033691406,35,3,88
394,38.255271911621094,34,3,86
395,37.040458679199219,33.25,2,84
396,35.806201934814453,32.5,2,82.759999999999764
397,34.569618225097656,32,1,81
398,33.384376525878906,31,1,79
399,32.147933959960938,30,0.5,78
400,30.965841293334961,29,0,76
401,29.768688201904297,28,-1,74
402,28.605627059936523,27,-1,72.259999999999764
403,27.479804992675781,27,-1.5,71
404,26.355216979980469,26,-2,69
405,25.186405181884766,25,-2.5,67
406,24.069208145141602,24,-3,66
407,22.955846786499023,23,-3.5,65
408,21.881504058837891,23,-4,63
409,20.766498565673828,22,-5,61.5
410,19.660390853881836,21,-5,60
411,18.584268569946289,20.5,-6,58.259999999999764
412,17.525533676147461,20,-6.5,57
413,16.479804992675781,19,-7,55.5
414,15.445441246032715,18,-7.5,54
415,14.363978385925293,17,-8.5,53
416,13.375068664550781,16,-8.5,51
417,12.342483520507812,15.5,-9,50
418,11.354121208190918,15,-10,49
419,10.361240386962891,14,-10,48
420,9.40765380859375,13.5,-11,46
421,8.4744663238525391,13,-11,45
422,7.5541481971740723,12,-12,43.5
423,6.601656436920166,11,-12,42
424,5.6572427749633789,10.5,-13,41
425,4.7336392402648926,10,-13.5,39.5
426,3.8266017436981201,9,-14,38
427,2.9396905899047852,8,-15,37.5
428,2.0407311916351318,7.5,-16,36
429,1.1283543109893799,7,-16,35
430,0.24801479279994965,6,-17,34
431,-0.6461527943611145,6,-17,33
432,-1.479394793510437,5,-18,32
433,-2.3381023406982422,4,-19,30.5
434,-3.1729874610900879,4,-19,29
435,-4.0305995941162109,3,-20,28
436,-4.8712348937988281,2,-20.5,27
437,-5.7335023880004883,1.5,-21,26
438,-6.5634584426879883,1,-22,25.259999999999764
439,-7.3923192024230957,0,-23,24
440,-8.2451400756835938,-1,-24,23.5
441,-9.0284090042114258,-1.5,-24,23
442,-9.8059282302856445,-2,-25.5,22
443,-10.571125030517578,-3,-26,21
444,-11.329066276550293,-3,-27,20
445,-12.093989372253418,-4,-27.5,19
446,-12.857270240783691,-4.5,-28,18
447,-13.595085144042969,-5,-29,18
448,-14.303190231323242,-6,-30,17
449,-15.057981491088867,-6,-31,16
450,-15.779230117797852,-7,-32,15
451,-16.471179962158203,-7.5,-32,15
452,-17.179969787597656,-8,-33.5,14
453,-17.938457489013672,-9,-34.5,13
454,-18.651081085205078,-9,-35.5,12.759999999999764
455,-19.364389419555664,-10,-36.5,12
456,-20.11260986328125,-10,-38,11
457,-20.801820755004883,-11,-39,10
458,-21.490621566772461,-11.5,-40,10
459,-22.192018508911133,-12,-41,9
460,-22.883556365966797,-12,-41.5,9
461,-23.573451995849609,-13,-43,8
462,-24.270605087280273,-13.5,-44,7
463,-24.914224624633789,-14,-45,7
464,-25.578929901123047,-14.5,-46,7
465,-26.22816276550293,-15,-46.5,6
466,-26.92298698425293,-16,-48,5.5
467,-27.595495223999023,-16,-48,5
468,-28.220085144042969,-17,-49.5,5
469,-28.897247314453125,-17,-50.5,4
470,-29.529642105102539,-17.5,-51.259999999999991,3
471,-30.178600311279297,-18,-52,3
472,-30.819620132446289,-18.5,-53,3
473,-31.428462982177734,-19,-54.259999999999991,2
474,-32.056613922119141,-19.5,-55,2
475,-32.691333770751953,-20,-56,1
476,-33.248149871826172,-20,-57,1
477,-33.844264984130859,-21,-57.759999999999991,0.5
478,-34.472137451171875,-21.5,-58.5,0
479,-35.085910797119141,-22,-59.5,0
480,-35.651218414306641,-22.5,-61,0
481,-36.236103057861328,-23,-62,-1
482,-36.820987701416016,-23.5,-63,-1
483,-37.399848937988281,-24,-64,-1.5
484,-37.959678649902344,-24,-65.259999999999991,-2
485,-38.519374847412109,-25,-66,-2
486,-39.037857055664062,-25.5,-67,-3
487,-39.637802124023438,-26,-68,-3
488,-40.180381774902344,-26,-69.259999999999991,-3
489,-40.703792572021484,-26.5,-70,-4
490,-41.237060546875,-27,-71,-4
491,-41.774166107177734,-27.5,-72,-4.5
492,-42.268688201904297,-28,-73,-5
493,-42.830436706542969,-28.5,-74,-5
494,-43.351657867431641,-29,-75,-5
495,-43.869590759277344,-29.5,-76,-6
496,-44.340568542480469,-30,-77,-6
497,-44.81195068359375,-30,-78,-6
498,-45.341526031494141,-31,-78,-6
499,-45.805381774902344,-31,-79,-7
500,-46.256641387939453,-31,-80,-7
501,-46.762115478515625,-32,-81,-7
502,-47.255409240722656,-32,-82,-7
503,-47.696537017822266,-32.5,-83,-7
504,-48.214061737060547,-33,-84,-7.5
505,-48.692153930664062,-33,-85,-8
506,-49.141361236572266,-33.5,-86,-8
507,-49.584403991699219,-34,-87,-8
508,-50.076328277587891,-34,-88,-8.2400000000002365
509,-50.538402557373047,-34.5,-88.5,-9
510,-50.980625152587891,-35,-90,-9
511,-51.442291259765625,-35,-91,-9
512,-51.881778717041016,-36,-91.5,-9.5
513,-52.304969787597656,-36,-92,-9.5
514,-52.753490447998047,-36,-93,-10
515,-53.203380584716797,-37,-94,-10
516,-53.640674591064453,-37,-95,-10
517,-54.052093505859375,-37.5,-95,-10
518,-54.430244445800781,-38,-96,-10.5
519,-54.869045257568359,-38,-97,-11
520,-55.303325653076172,-39,-98,-11
521,-55.671207427978516,-39,-98.259999999999991,-11
522,-56.046344757080078,-39,-99,-11
523,-56.399166107177734,-40,-99,-11
524,-56.798809051513672,-40,-100.25999999999999,-11.5
525,-57.147796630859375,-40,-100.5,-12
526,-57.544975280761719,-41,-101,-12
527,-57.961048126220703,-41,-102,-12
528,-58.322769165039062,-41,-103,-12
529,-58.704475402832031,-42,-104,-12
530,-59.095905303955078,-42,-104,-12
531,-59.454475402832031,-42,-105,-12.5
532,-59.800453186035156,-42.5,-105.25999999999999,-13
533,-60.122467041015625,-43,-106,-13
534,-60.490894317626953,-43,-106.5,-13
535,-60.863155364990234,-43,-107.5,-13
536,-61.245277404785156,-43.75,-108,-13.5
537,-61.624519348144531,-44,-109,-14
538,-61.965293884277344,-44,-109,-14
539,-62.36260986328125,-44.5,-110,-14
540,-62.709541320800781,-45,-110.5,-14
541,-63.0670166015625,-45,-111,-14
542,-63.374794006347656,-45,-112,-14
543,-63.730625152587891,-46,-112.5,-14
544,-64.111923217773438,-46,-113.25999999999999,-14.240000000000236
545,-64.461318969726562,-46,-114,-14.5
546,-64.779365539550781,-46,-114,-15
547,-65.149299621582031,-47,-115,-15
548,-65.459403991699219,-47,-116,-15
549,-65.805381774902344,-47,-117,-15
550,-66.081939697265625,-47.5,-117,-15
551,-66.441329956054688,-48,-117,-15.5
552,-66.76348876953125,-48,-118,-16
553,-67.080299377441406,-48,-118,-16
554,-67.3519287109375,-49,-118,-16
555,-67.640678405761719,-49,-119,-16
556,-67.928741455078125,-49,-120,-16
557,-68.219673156738281,-49,-120.5,-16
558,-68.5174560546875,-49.5,-121.25999999999999,-16
559,-68.800727844238281,-50,-122,-16
560,-69.067291259765625,-50,-122,-16
561,-69.34344482421875,-50,-123,-17
562,-69.633560180664062,-50,-124,-16.5
563,-69.924079895019531,-50,-124.5,-17
564,-70.203926086425781,-50,-125,-17
565,-70.510612487792969,-51,-125,-17
566,-70.788131713867188,-51,-125.5,-17
567,-71.043060302734375,-51,-126,-17
568,-71.319206237792969,-51,-126,-17
569,-71.56866455078125,-51.5,-127,-17
570,-71.8079833984375,-52,-127,-17.5
571,-72.097412109375,-52,-128,-18
572,-72.373703002929688,-52.5,-128.25999999999999,-18
573,-72.593986511230469,-53,-128.25999999999999,-18
574,-72.860832214355469,-53,-129,-18
575,-73.105628967285156,-53,-129,-18
576,-73.3980712890625,-53.25,-130,-18
577,-73.649162292480469,-53.5,-129.5,-18.5
578,-73.886024475097656,-54,-130.5,-18.5
579,-74.190376281738281,-54,-131,-19
580,-74.388626098632812,-54,-131.25999999999999,-19
581,-74.673675537109375,-54,-131.5,-19
582,-74.919288635253906,-54,-132,-19
583,-75.209266662597656,-55,-133.25999999999999,-19
584,-75.413131713867188,-55,-133,-19
585,-75.6424560546875,-55,-134,-19
586,-75.91778564453125,-56,-134.5,-19
587,-76.18695068359375,-56,-134.75999999999999,-19
588,-76.461189270019531,-56,-135.5,-19
589,-76.733642578125,-56,-135.5,-19
590,-76.964195251464844,-56,-135.75999999999999,-19
591,-77.178192138671875,-56.5,-136.5,-19.5
592,-77.3868408203125,-57,-136.25999999999999,-20
593,-77.621368408203125,-57,-137,-20
594,-77.851516723632812,-57,-138,-20
595,-78.066741943359375,-58,-138,-20
596,-78.24267578125,-58,-138,-20
597,-78.449821472167969,-58,-138,-20
598,-78.655189514160156,-58,-138,-20
599,-78.875617980957031,-58,-139,-20
600,-79.079200744628906,-59,-139,-20
601,-79.281280517578125,-59,-139,-20
602,-79.512115478515625,-59,-140,-20
603,-79.704200744628906,-59.5,-140,-20.5
604,-79.889991760253906,-59,-140.25999999999999,-21
605,-80.108642578125,-60,-141,-21
606,-80.314002990722656,-60,-141.75999999999999,-20.5
607,-80.505821228027344,-60,-142,-21
608,-80.719810485839844,-60,-142,-21
609,-80.918197631835938,-60,-143,-21
610,-81.109870910644531,-60,-143.5,-21
611,-81.313323974609375,-60.5,-143.25999999999999,-21
612,-81.509239196777344,-60.5,-144,-21
613,-81.714607238769531,-61,-145,-21
614,-81.883964538574219,-61,-145,-21
615,-82.036346435546875,-61,-145,-21
616,-82.263214111328125,-61,-145,-21
617,-82.426544189453125,-61,-145,-21.5
618,-82.633964538574219,-61.5,-146,-21.5
619,-82.835639953613281,-62,-146,-22
620,-82.980766296386719,-62,-146,-22
621,-83.147933959960938,-62.75,-146.5,-22
622,-83.340980529785156,-62.75,-147,-22
623,-83.531417846679688,-63,-147,-22
624,-83.710090637207031,-63,-147.25999999999999,-22
625,-83.857131958007812,-63,-147.75999999999999,-22
626,-84.049903869628906,-63,-148,-22
627,-84.225151062011719,-63,-148.5,-22
628,-84.412033081054688,-63,-149,-22
629,-84.566329956054688,-63,-149,-22
630,-84.740898132324219,-63,-149,-22
631,-84.919563293457031,-63.5,-149,-22
632,-85.090980529785156,-63,-150,-22
633,-85.273750305175781,-64,-150,-22.5
634,-85.436264038085938,-64,-150,-23
635,-85.620002746582031,-64,-151,-23
636,-85.738975524902344,-64,-150.25999999999999,-23
637,-85.961051940917969,-64,-151,-23
638,-86.078788757324219,-64,-150.75999999999999,-23
639,-86.258560180664062,-64,-151.5,-23
640,-86.378494262695312,-64.5,-151,-23
641,-86.549491882324219,-65,-152,-23
642,-86.757186889648438,-65,-152,-23
643,-86.903816223144531,-65,-152.5,-23
644,-87.033477783203125,-65,-153,-23
645,-87.221588134765625,-65,-153.5,-23
646,-87.350151062011719,-65,-154,-23.240000000000236
647,-87.508010864257812,-65,-154,-23
648,-87.630271911621094,-65,-154.5,-23
649,-87.777450561523438,-65,-154.5,-23
650,-87.919151306152344,-65.5,-155,-23.5
651,-88.059761047363281,-65.5,-156,-24
652,-88.231307983398438,-65.5,-155.5,-24
653,-88.362060546875,-66,-156,-24
654,-88.524848937988281,-66,-156,-24
655,-88.713783264160156,-66,-157,-24
656,-88.841659545898438,-66,-157,-24
657,-88.989112854003906,-66,-158,-24
658,-89.091796875,-66,-157,-24
659,-89.235557556152344,-66,-157.5,-24
660,-89.354393005371094,-67,-157.25999999999999,-24
661,-89.506362915039062,-66.75,-158,-24
662,-89.631637573242188,-66.5,-158,-24
663,-89.784980773925781,-67,-158,-24
664,-89.904914855957031,-67,-158,-24.5
665,-89.995140075683594,-67,-159,-24
666,-90.156280517578125,-67,-159,-25
667,-90.294700622558594,-67.25,-158.25999999999999,-24.5
668,-90.414634704589844,-67.25,-159,-24.5
669,-90.540733337402344,-67.5,-159,-25
670,-90.626983642578125,-67.75,-159,-25
671,-90.746917724609375,-68,-159.75999999999999,-25
672,-90.892044067382812,-68,-159,-25
673,-91.0478515625,-68,-160,-25
674,-91.155189514160156,-68,-160,-25
675,-91.265129089355469,-68,-160.75999999999999,-25
676,-91.348915100097656,-68,-160.5,-25
677,-91.460777282714844,-68,-160,-25
678,-91.5614013671875,-68,-160.5,-25
679,-91.679145812988281,-68.75,-161,-25
680,-91.790458679199219,-68.75,-161,-25
681,-91.873565673828125,-68.5,-161,-25
682,-91.961318969726562,-68.75,-161.25999999999999,-25
683,-92.051681518554688,-69,-162,-25
684,-92.159019470214844,-69,-162,-25
685,-92.282241821289062,-69,-162,-25
686,-92.36767578125,-69,-163,-25.240000000000236
687,-92.469398498535156,-69,-163,-25.5
688,-92.558937072753906,-69,-163,-25.5
689,-92.674491882324219,-69,-163,-25
690,-92.769783020019531,-69.5,-163.5,-25
691,-92.903411865234375,-69.5,-163.5,-25
692,-93.013214111328125,-69.5,-164,-26
693,-93.145606994628906,-70,-164,-25.5
694,-93.213241577148438,-70,-164,-25.240000000000236
695,-93.313323974609375,-70,-164,-25.5
696,-93.406692504882812,-70,-165,-25.5
697,-93.4825439453125,-70,-165,-26
698,-93.603713989257812,-70,-165,-25.740000000000236
699,-93.676956176757812,-70,-165,-26
700,-93.755271911621094,-70,-165,-26
701,-93.854804992675781,-70.5,-166,-26
702,-93.950782775878906,-70.5,-166,-26
703,-94.02197265625,-70.5,-165.75999999999999,-26
704,-94.073593139648438,-70.5,-165.75999999999999,-26
705,-94.177780151367188,-70.5,-166,-25.5
706,-94.265815734863281,-71,-166,-26
707,-94.37164306640625,-71,-167,-26
708,-94.506362915039062,-71,-167,-26
709,-94.605491638183594,-71,-167,-26
710,-94.631912231445312,-71,-167,-26
711,-94.715019226074219,-71,-166.5,-26
712,-94.836456298828125,-71.5,-167,-26
713,-94.927780151367188,-71.5,-167,-26
714,-94.974327087402344,-71.5,-167,-26
715,-95.054695129394531,-71.5,-166.5,-26
716,-95.146560668945312,-71.5,-167,-26
717,-95.218849182128906,-72,-167,-26
718,-95.311813354492188,-72,-167,-26
719,-95.40203857421875,-72,-167,-26
720,-95.472274780273438,-72,-167.75999999999999,-26
721,-95.561264038085938,-72,-168,-26.240000000000236
722,-95.619590759277344,-72,-168,-26
723,-95.691741943359375,-72,-168,-26
724,-95.715293884277344,-72,-168.5,-26
725,-95.784980773925781,-72.25,-168.25999999999999,-26
726,-95.855903625488281,-72,-169,-26
727,-95.892868041992188,-72,-169.75999999999999,-26
728,-95.985282897949219,-72,-170,-26
729,-96.015678405761719,-73,-169,-26
730,-96.090568542480469,-73,-169.75999999999999,-26
731,-96.105354309082031,-73,-170,-26
732,-96.136428833007812,-73,-169.75999999999999,-26
733,-96.197494506835938,-73,-169,-26
734,-96.248970031738281,-73,-169.75999999999999,-26
735,-96.332351684570312,-73,-170,-26
736,-96.356178283691406,-73,-170,-26.5
737,-96.426956176757812,-73,-170,-26
738,-96.471725463867188,-73,-170,-26
739,-96.511566162109375,-73,-170,-26
740,-96.55181884765625,-73,-171,-26.5
741,-96.649986267089844,-73,-171,-27
742,-96.695716857910156,-73,-170,-26.5
743,-96.745414733886719,-73,-170.5,-27
744,-96.815238952636719,-73,-170,-26.5
745,-96.862472534179688,-73,-171,-26
746,-96.930793762207031,-73,-171,-27
747,-96.944892883300781,-73,-172,-26
748,-96.97802734375,-73,-171,-27
749,-97.057846069335938,-73,-171,-27
750,-97.115211486816406,-74,-172,-27
751,-97.216117858886719,-73.5,-172,-27
752,-97.240348815917969,-73.5,-172,-26.5
753,-97.298805236816406,-73.5,-171.25999999999999,-27
754,-97.37725830078125,-74,-172,-27
755,-97.446258544921875,-74,-172,-27
756,-97.45269775390625,-73.5,-172.5,-26.5
757,-97.521286010742188,-74,-172,-27
758,-97.612472534179688,-74,-172,-27
759,-97.655738830566406,-74,-172.51999999999998,-27
760,-97.72296142578125,-74,-173,-27
761,-97.77252197265625,-74,-172.5,-27
762,-97.828521728515625,-74,-172.5,-27
763,-97.884788513183594,-74,-173,-27
764,-97.932571411132812,-74,-172.75999999999999,-27
765,-97.969123840332031,-74.25,-173,-27
766,-98.030464172363281,-74,-173,-27
767,-98.088104248046875,-74.25,-173,-27
768,-98.116714477539062,-74,-173,-27
769,-98.183799743652344,-74,-173.5,-27
770,-98.21624755859375,-74,-174,-27
771,-98.263626098632812,-75,-174,-27
772,-98.343032836914062,-74,-174,-27
773,-98.410804748535156,-74,-174.5,-27
774,-98.428604125976562,-74.5,-175,-27
775,-98.496368408203125,-74.5,-175,-27
776,-98.561538696289062,-74,-175,-27
777,-98.539909362792969,-74.5,-175,-27
778,-98.610420227050781,-74.5,-175,-27
779,-98.636161804199219,-74.75,-175,-27
780,-98.674354553222656,-74.75,-176,-27
781,-98.707763671875,-74.25,-175.25999999999999,-27
782,-98.7381591796875,-74.75,-175.5,-27
783,-98.794700622558594,-75,-175.5,-27
784,-98.845634460449219,-75,-175.5,-27.5
785,-98.911758422851562,-75,-176,-27
786,-98.920799255371094,-75,-175.5,-27
787,-98.924354553222656,-75,-176,-27
788,-98.961318969726562,-75,-176,-27
789,-99.031417846679688,-75,-176,-27
790,-99.076324462890625,-75,-176,-27
791,-99.103164672851562,-75,-176,-27
792,-99.147933959960938,-75,-176,-27
793,-99.15203857421875,-75,-176.5,-27
794,-99.190376281738281,-75,-177,-27.5
795,-99.269645690917969,-75,-177.25999999999999,-27
796,-99.307159423828125,-75,-177,-27.740000000000236
797,-99.289497375488281,-75,-176.5,-27
798,-99.311676025390625,-75,-177,-27.5
799,-99.348236083984375,-75.25,-177,-27
800,-99.356857299804688,-75,-177,-27
801,-99.396560668945312,-75.25,-177.25999999999999,-27
802,-99.43695068359375,-75.5,-177.5,-27
803,-99.451194763183594,-75,-176.75999999999999,-27
804,-99.469123840332031,-75.5,-177,-27
805,-99.500205993652344,-75.5,-177.25999999999999,-27
806,-99.520195007324219,-76,-178,-27
807,-99.568794250488281,-75.75,-177.75999999999999,-27
808,-99.639442443847656,-75.5,-178,-27
809,-99.710639953613281,-75.25,-178,-27
810,-99.758697509765625,-75.5,-178,-27
811,-99.7528076171875,-75.5,-178,-27
812,-99.791007995605469,-75.5,-178,-27.5
813,-99.860282897949219,-76,-178,-27.5
814,-99.9014892578125,-76,-178,-27.5
815,-99.926681518554688,-76,-178,-28
816,-99.950233459472656,-75.5,-178.5,-28
817,-99.999931335449219,-76,-178.5,-27.5
818,-100.03922271728516,-76,-178,-27.5
819,-100.04538726806641,-75.75,-178,-27.5
820,-100.08645629882812,-76,-178,-28
821,-100.12808227539062,-75.5,-178,-28
822,-100.12739562988281,-76,-178.5,-27.5
823,-100.16230773925781,-75.5,-179,-28
824,-100.18681335449219,-76,-178.5,-27.5
825,-100.22789001464844,-76,-179,-28
826,-100.26554107666016,-76,-179,-28
827,-100.25978851318359,-75.5,-178.5,-28
828,-100.30374145507812,-76,-178.75999999999999,-28
829,-100.30469512939453,-76,-179,-28
830,-100.3226318359375,-76,-179,-28
831,-100.35316467285156,-76,-179,-28
832,-100.36521148681641,-76,-179,-28
833,-100.38629150390625,-76,-178.5,-28
834,-100.42079925537109,-76,-178.5,-27
835,-100.43708801269531,-76,-179,-27.5
836,-100.49801635742188,-76,-179,-28
837,-100.52033233642578,-76,-179.75999999999999,-28
838,-100.54141235351562,-76,-179.75999999999999,-28
839,-100.56866455078125,-76,-179.25999999999999,-28
840,-100.55332946777344,-76,-179,-28
841,-100.58714294433594,-76,-179.25999999999999,-28
842,-100.61343383789062,-76,-179,-28
843,-100.66053009033203,-76,-179,-28
844,-100.67996978759766,-76,-179,-28
845,-100.67914581298828,-76,-179.25999999999999,-28
846,-100.68968963623047,-76,-179,-28
847,-100.70119476318359,-76,-179,-28
848,-100.71131896972656,-76,-179.5,-28
849,-100.69489288330078,-76,-179,-28
850,-100.71543121337891,-76,-179,-28
851,-100.7325439453125,-76,-179.75999999999999,-28
852,-100.71337890625,-76,-179,-28
853,-100.75349426269531,-76,-179,-28
854,-100.79168701171875,-76,-179.25999999999999,-28
855,-100.83605194091797,-76,-179.25999999999999,-27.5
856,-100.84439849853516,-76,-180.25999999999999,-28
857,-100.84056854248047,-76,-180,-28
858,-100.83741760253906,-76,-180,-28
859,-100.83714294433594,-76,-180,-27
860,-100.84070587158203,-76.5,-180,-28
861,-100.85809326171875,-76,-179.75999999999999,-28
862,-100.88396453857422,-76,-180,-28
863,-100.84070587158203,-76,-180,-28
864,-100.80702209472656,-76,-179.5,-28
865,-100.81920623779297,-76,-180,-28
866,-100.84645080566406,-76,-180,-28
867,-100.86795043945312,-76,-180,-28
868,-100.85083770751953,-76,-180,-28
869,-100.87534332275391,-76,-180,-28
870,-100.87999725341797,-76,-180,-28
871,-100.89533233642578,-76,-179.75999999999999,-28
872,-100.91025543212891,-76,-179.5,-28
873,-100.89669799804688,-76,-180,-28
874,-100.91806030273438,-76,-179.75999999999999,-28
875,-100.917236328125,-76,-179.75999999999999,-28
876,-100.90984344482422,-76.5,-179.5,-28
877,-100.9127197265625,-76,-180,-28
878,-100.95529937744141,-76.5,-179.75999999999999,-28
879,-100.98418426513672,-76,-180,-28
880,-100.98938751220703,-76,-180,-28
881,-101.05181884765625,-76.5,-179.5,-28
882,-101.03594207763672,-76,-180,-28
883,-101.03881072998047,-76.5,-179.75999999999999,-28
884,-101.02909088134766,-76,-180,-28
885,-101.07564544677734,-76,-179.75999999999999,-28
886,-101.07673645019531,-76,-179.5,-28
887,-101.10330200195312,-76,-180,-28
888,-101.13218688964844,-76,-180,-28
889,-101.13451385498047,-76,-180,-28
890,-101.13725280761719,-76,-180,-28
891,-101.15409088134766,-76,-180,-28
892,-101.17093658447266,-76,-180,-28
893,-101.21200561523438,-77,-180,-28
894,-101.18462371826172,-77,-179.5,-28
895,-101.19639587402344,-76.5,-180,-28
896,-101.21762084960938,-76,-180,-28
897,-101.21529388427734,-76,-181,-28
898,-101.22651672363281,-76.5,-180.25999999999999,-28
899,-101.24541473388672,-77,-180,-28
900,-101.29442596435547,-77,-180,-28
901,-101.30031585693359,-77,-180,-28
902,-101.30579376220703,-77,-181,-28
903,-101.30962371826172,-77,-180,-28
904,-101.33112335205078,-77,-180.25999999999999,-28
905,-101.31510162353516,-76,-180.5,-28.240000000000236
906,-101.33659362792969,-76.5,-181,-28
907,-101.36849975585938,-77,-181,-28
908,-101.34864807128906,-77,-180.75999999999999,-28
909,-101.37451934814453,-77,-181,-28
910,-101.39054107666016,-76.5,-181,-28
911,-101.41654968261719,-77,-181,-28
912,-101.41477203369141,-77,-181,-28
913,-101.35973358154297,-77,-181,-28
914,-101.3631591796875,-77,-181,-28
915,-101.41066741943359,-77,-181,-28
916,-101.40628051757812,-77,-181,-28
917,-101.38848876953125,-77,-181,-28
918,-101.37205505371094,-77,-182,-28
919,-101.37794494628906,-77,-181,-28
920,-101.38246154785156,-77,-181,-28
921,-101.35850524902344,-77,-181.5,-28
922,-101.35904693603516,-77,-181.5,-28
923,-101.33878326416016,-77,-181,-28
924,-101.34084320068359,-77,-181,-28
925,-101.34248352050781,-77,-181,-28
926,-101.37753295898438,-77,-180.75999999999999,-28
927,-101.37451934814453,-77,-181,-28
928,-101.40491485595703,-77,-180.5,-28
929,-101.39697265625,-76.75,-181,-28
930,-101.37424468994141,-77,-180.25999999999999,-28
931,-101.35877227783203,-77,-180,-28
932,-101.3125,-77,-180,-28
933,-101.33317565917969,-77,-181.25999999999999,-28
934,-101.32550811767578,-77,-180.5,-28
935,-101.3519287109375,-76.5,-180.5,-28
936,-101.37767028808594,-77,-180.5,-28
937,-101.34453582763672,-77,-180.75999999999999,-28
938,-101.3125,-76.75,-181,-28
939,-101.28470611572266,-77,-181,-28
940,-101.31263732910156,-76,-180,-28
941,-101.25198364257812,-76,-180,-28
942,-101.27416229248047,-76.5,-181,-28
943,-101.24623870849609,-76.5,-181,-27.5
944,-101.2415771484375,-76.5,-181,-28
945,-101.27060699462891,-76,-181,-28
946,-101.26937103271484,-76.25,-181,-28
947,-101.27457427978516,-76,-181,-28
948,-101.27567291259766,-76,-181,-28
949,-101.23432159423828,-76.75,-181,-28
950,-101.18106842041016,-76,-181,-28
951,-101.18791198730469,-76.5,-181,-28
952,-101.22118377685547,-76,-181,-28
953,-101.21748352050781,-76,-181,-28
954,-101.16901397705078,-76.5,-181,-28
955,-101.17640686035156,-76.5,-181,-28
956,-101.18257141113281,-76,-181,-28
957,-101.18900299072266,-76.5,-181,-28
958,-101.21324157714844,-76.5,-181.25999999999999,-28
959,-101.23651123046875,-76.5,-181,-28
960,-101.22597503662109,-76,-181,-28
961,-101.20954132080078,-76,-181,-28
962,-101.23459625244141,-76,-181,-28
963,-101.22597503662109,-77,-181,-28
964,-101.25363159179688,-76,-180,-28
965,-101.29798889160156,-76,-181,-28
966,-101.28607940673828,-76,-182,-28
967,-101.30414581298828,-77,-181.75999999999999,-28
968,-101.25896453857422,-76,-182,-28
969,-101.266357421875,-77,-181,-28
970,-101.27676391601562,-77,-181,-27.5
971,-101.26540374755859,-76.5,-181,-28
972,-101.28334045410156,-76.5,-181.5,-28
973,-101.27608489990234,-76,-181.5,-28
974,-101.27142333984375,-76,-181.5,-28
975,-101.29743957519531,-76.75,-181,-28
976,-101.27088165283203,-76.5,-181,-28
977,-101.29743957519531,-77,-181,-28
978,-101.26786804199219,-76,-181,-28
979,-101.27567291259766,-76,-181,-28
980,-101.23802185058594,-77,-180.5,-28
981,-101.25759887695312,-76,-180.5,-28
982,-101.20612335205078,-76.25,-180,-28
983,-101.23240661621094,-76,-180.75999999999999,-28
984,-101.21762084960938,-76,-181,-28
985,-101.20652770996094,-76.25,-180,-28
986,-101.15737915039062,-76,-180.75999999999999,-28
987,-101.12055206298828,-76,-180.25999999999999,-28
988,-101.13807678222656,-76,-180,-28
989,-101.14395904541016,-76,-180,-28
990,-101.14218139648438,-76,-180,-28
991,-101.09932708740234,-76,-180,-28
992,-101.06934356689453,-76,-180,-27.5
993,-101.04621124267578,-76,-179.5,-28
994,-101.0377197265625,-76,-180,-28
995,-100.97843933105469,-76,-180,-28
996,-100.98569488525391,-76,-180,-28
997,-100.95283508300781,-76,-179.75999999999999,-28
998,-100.93079376220703,-76,-180,-28
999,-100.90669250488281,-76,-180,-27.5
1000,-100.86685180664062,-75.75,-180,-27.5
1001,-100.82318115234375,-76,-179,-28
1002,-100.78251647949219,-76,-179,-27
1003,-100.748291015625,-75.25,-179,-27
1004,-100.72432708740234,-75.5,-179.25999999999999,-28
1005,-100.69557952880859,-76,-179,-28
1006,-100.63273620605469,-76,-179,-27
1007,-100.67421722412109,-76,-179,-28
1008,-100.66983795166016,-76,-179.25999999999999,-28
1009,-100.65806579589844,-76,-180,-28
1010,-100.61466217041016,-76,-179,-28
1011,-100.63602447509766,-76,-179,-28
1012,-100.63082122802734,-76,-179,-28
1013,-100.60685729980469,-76,-179,-28
1014,-100.60918426513672,-76,-179,-28
1015,-100.58714294433594,-76,-178.75999999999999,-28
1016,-100.55168151855469,-76,-179,-28
1017,-100.50527191162109,-76,-179.25999999999999,-28
1018,-100.49691772460938,-76,-178.75999999999999,-28
1019,-100.483642578125,-76,-178.5,-27.5
1020,-100.46775817871094,-76,-178.75999999999999,-28
1021,-100.43982696533203,-76,-178.5,-28
1022,-100.43927764892578,-76,-179,-28
1023,-100.39820861816406,-76,-179,-28
