event,channel,waveform_index_save,dt_ns_coinc,dt_ns_save,minimum_timestamp_coinc,channel_coincident_left,waveform_index_coincident_left,channel_coincident_right,waveform_index_coincident_right
1,2080,104,-64,-16,110270562757586880,2040,91,2061,12
2,2070,112,0,48,110270562760944224,2031,123,2060,131
2,2070,113,48,48,110270562761059232,2030,92,2060,133
2,2071,136,48,48,110270562761059232,2030,92,2060,133
2,2080,30,-32,32,110270562760740032,2030,88,2051,18
3,2081,45,0,0,110270562763974816,2031,138,2060,123
7,2070,108,0,80,110270562776337008,2041,111,2051,55
7,2080,72,64,-32,110270562776504528,2030,94,2060,139
7,2080,76,32,0,110270562776667456,2040,40,2060,141
9,2071,21,-16,80,110270562782657840,2041,131,2050,43
13,2070,105,16,80,110270562795455408,2031,135,2060,148
13,2071,95,-64,96,110270562794937664,2031,124,2051,35
16,2070,131,-128,256,110270562804359584,2040,96,2061,24
16,2071,13,-128,256,110270562804359584,2040,96,2061,24
17,2070,59,0,80,110270562807474160,2041,32,2050,114
17,2080,132,16,0,110270562807667232,2030,21,2050,121
17,2081,155,16,-16,110270562807667232,2030,21,2050,121
19,2080,111,16,64,110270562813676080,2030,81,2051,69
19,2081,128,16,32,110270562813676080,2030,81,2051,69
19,2081,135,-32,-16,110270562814108032,2030,92,2051,79
20,2080,150,0,0,110270562817063136,2031,41,2051,63
20,2081,15,-64,16,110270562817011232,2040,76,2051,60
21,2080,135,-112,-32,110270562819939056,2030,47,2050,125
21,2081,26,-112,16,110270562819939056,2030,47,2050,125
23,2080,121,-48,-32,110270562826490368,2040,9,2050,107
23,2080,123,-16,0,110270562826559952,2041,65,2050,108
27,2070,185,80,64,110270562839032672,2030,81,2060,145
27,2081,36,-48,-16,110270562838781440,2030,75,2051,98
28,2080,105,0,-48,110270562842316688,2041,128,2060,65
28,2081,26,0,-48,110270562842316688,2041,128,2060,65
29,2080,96,-80,48,110270562845449760,2041,62,2051,82
32,2070,136,0,32,110270562854758000,2030,41,2060,80
32,2070,137,0,48,110270562855042912,2040,133,2060,85
32,2071,28,0,48,110270562854758000,2030,41,2060,80
32,2071,30,0,32,110270562855042912,2040,133,2060,85
32,2080,50,-32,16,110270562854873952,2040,130,2050,68
32,2081,149,16,-32,110270562854708784,2040,124,2060,79
32,2081,152,-32,32,110270562854873952,2040,130,2050,68
36,2081,132,16,-96,110270562867438720,2031,38,2060,20
37,2071,9,128,128,110270562870220736,2040,69,2060,27
37,2080,162,-16,32,110270562870303072,2041,86,2051,136
37,2080,163,32,16,110270562870337936,2030,120,2061,13
37,2081,108,16,0,110270562870303072,2031,39,2051,136
37,2081,109,48,0,110270562870337936,2040,74,2061,13
38,2070,145,0,48,110270562873660000,2031,67,2061,28
38,2071,151,0,64,110270562873660000,2031,67,2061,28
38,2080,106,-160,-48,110270562873780448,2040,56,2060,73
40,2081,15,32,-16,110270562879626144,2041,41,2060,95
44,2080,220,-64,0,110270562892023360,2030,249,2050,297
44,2080,229,32,32,110270562892426224,2031,284,2050,313
44,2081,189,-64,0,110270562892023360,2030,249,2050,297
44,2081,198,32,16,110270562892426224,2031,284,2050,313
47,2070,102,-16,64,110270562901695872,2030,14,2051,155
51,2070,49,-64,64,110270562914306384,2041,38,2060,117
51,2071,29,-16,80,110270562914202688,2030,149,2060,113
51,2071,31,-64,32,110270562914306384,2041,38,2060,117
51,2081,179,-160,48,110270562914447376,2040,25,2050,82
52,2070,148,0,64,110270562917467904,2031,47,2060,36
55,2081,39,16,-16,110270562926684192,2040,145,2050,78
57,2080,129,64,16,110270562933135056,2041,143,2060,65
57,2081,26,64,16,110270562933135056,2041,143,2060,65
58,2080,124,16,-32,110270562936691744,2041,94,2061,68
60,2080,106,48,-48,110270562942605408,2041,62,2060,40
63,2080,186,-48,-32,110270562952078576,2031,106,2060,121
65,2070,119,0,32,110270562958152128,2041,97,2060,32
66,2070,52,-80,48,110270562961290496,2040,18,2060,88
66,2080,126,16,0,110270562961381280,2041,60,2051,37
66,2080,132,0,-32,110270562961590016,2040,29,2051,42
66,2081,157,0,0,110270562961381280,2030,103,2051,37
66,2081,160,0,-32,110270562961590016,2040,29,2051,42
67,2071,17,32,80,110270562964509600,2030,92,2060,27
69,2070,129,-48,-48,110270562971277648,2040,83,2051,154
69,2071,9,48,48,110270562971267680,2031,35,2061,18
69,2080,141,0,-32,110270562970895936,2041,107,2050,51
69,2080,143,32,-16,110270562971004384,2030,90,2061,12
69,2080,144,-160,32,110270562971025552,2040,73,2051,153
69,2081,160,0,-16,110270562970895936,2041,107,2050,51
69,2081,163,32,0,110270562971004384,2030,90,2061,12
71,2080,112,-144,32,110270562977156608,2040,84,2051,30
71,2081,172,-144,16,110270562977156608,2040,84,2051,30
72,2071,173,16,32,110270562980217360,2041,150,2060,112
76,2080,162,80,0,110270562993419744,2030,122,2061,25
76,2081,70,32,0,110270562993419744,2031,47,2061,25
78,2080,121,0,16,110270562999227632,2030,135,2050,106
78,2080,126,48,-112,110270562999691088,2030,146,2060,38
78,2081,19,0,-32,110270562999227632,2030,135,2050,106
78,2081,25,48,-112,110270562999691088,2030,146,2060,38
79,2070,106,64,144,110270563002524496,2031,56,2050,128
80,2081,57,32,-16,110270563005470048,2040,83,2060,35
81,2080,94,-48,32,110270563008477088,2031,55,2050,33
81,2081,3,0,0,110270563008583552,2031,56,2051,113
83,2071,94,0,32,110270563014736928,2031,56,2050,112
84,2080,74,-16,48,110270563018279680,2041,162,2050,58
84,2081,24,-16,32,110270563018279680,2041,162,2050,58
87,2080,117,-48,48,110270563027496016,2030,40,2050,91
87,2081,72,-48,32,110270563027496016,2030,40,2050,91
89,2080,98,128,32,110270563034210976,2040,64,2061,22
89,2081,53,128,48,110270563034210976,2040,64,2061,22
91,2080,86,-48,32,110270563039939248,2030,157,2051,66
91,2080,95,32,16,110270563040405920,2030,165,2051,76
91,2081,144,-48,64,110270563039939248,2030,157,2051,66
91,2081,152,32,-16,110270563040405920,2030,165,2051,76
92,2080,152,160,-16,110270563043249008,2031,68,2051,170
94,2070,92,112,144,110270563049313008,2031,13,2060,25
94,2071,44,112,128,110270563049313008,2031,13,2060,25
94,2080,113,16,0,110270563049433440,2030,76,2050,50
96,2080,100,-32,-16,110270563056044400,2040,5,2060,70
96,2081,20,-64,-80,110270563055709792,2030,36,2060,63
96,2081,31,-32,0,110270563056044400,2040,5,2060,70
98,2070,166,16,48,110270563061831312,2030,114,2051,41
98,2071,24,16,64,110270563061831312,2030,114,2051,41
98,2071,26,48,48,110270563062071408,2040,153,2060,81
98,2080,69,64,16,110270563062282048,2030,127,2060,87
98,2081,184,64,48,110270563062282048,2030,127,2060,87
99,2070,157,-96,48,110270563065014896,2041,133,2050,49
99,2071,166,-96,48,110270563065014896,2041,133,2050,49
102,2070,97,-16,48,110270563074584928,2031,122,2061,144
102,2080,79,16,64,110270563074311424,2031,112,2051,57
102,2081,155,16,32,110270563074311424,2031,112,2051,57
104,2071,16,0,112,110270563080973584,2040,99,2050,73
104,2081,22,0,-16,110270563080627616,2040,93,2061,18
106,2080,132,-16,-16,110270563087266736,2040,96,2051,149
106,2081,167,16,0,110270563087124224,2041,102,2061,158
106,2081,175,-16,-16,110270563087266736,2040,96,2051,149
107,2080,117,-16,-32,110270563090252304,2040,148,2051,72
107,2080,119,-32,-32,110270563090299648,2031,27,2050,106
107,2081,154,-16,0,110270563090252304,2040,148,2051,72
107,2081,157,-32,16,110270563090299648,2031,27,2050,106
109,2080,100,32,-32,110270563096707232,2030,160,2061,84
109,2080,104,0,0,110270563096900016,2030,166,2051,120
111,2071,15,32,64,110270563102735792,2031,137,2060,118
111,2080,104,-48,-16,110270563102823296,2030,26,2051,47
112,2080,84,-16,0,110270563105866576,2041,115,2061,14
112,2081,137,0,-16,110270563105866576,2030,32,2051,21
114,2080,102,-48,-64,110270563112596624,2031,47,2050,64
114,2081,160,-48,-32,110270563112596624,2031,47,2050,64
115,2070,92,-48,80,110270563115621536,2041,108,2050,69
116,2070,82,0,32,110270563118386352,2030,143,2051,42
116,2080,114,-80,32,110270563118391712,2031,86,2051,43
116,2081,29,-80,32,110270563118391712,2031,86,2051,43
117,2070,124,0,80,110270563122136128,2040,69,2051,82
117,2080,94,-96,32,110270563121864512,2040,64,2051,77
117,2081,127,-96,16,110270563121864512,2040,64,2051,77
118,2071,74,16,80,110270563124920688,2030,62,2050,38
119,2080,122,-96,-16,110270563128049280,2040,95,2051,46
119,2081,135,-96,16,110270563128049280,2040,95,2051,46
123,2080,126,-32,-16,110270563140574064,2030,54,2060,75
126,2080,71,-16,-48,110270563150589776,2040,118,2050,85
126,2081,135,-16,-64,110270563150589776,2040,118,2050,85
129,2070,141,48,80,110270563159903440,2030,102,2060,74
129,2071,190,48,48,110270563159903440,2030,102,2060,74
130,2071,237,-32,32,110270563162591296,2030,41,2051,202
131,2070,148,0,32,110270563165787184,2031,42,2050,77
131,2070,149,-48,16,110270563165831040,2040,65,2061,59
131,2071,14,-48,0,110270563165831040,2040,65,2061,59
133,2080,94,-64,32,110270563171895536,2030,129,2051,109
133,2081,118,-64,32,110270563171895536,2030,129,2051,109
133,2081,126,-48,-48,110270563172206800,2030,138,2050,7
134,2070,114,0,80,110270563175358400,2040,32,2050,83
134,2071,174,0,64,110270563175358400,2040,32,2050,83
135,2080,82,-16,-32,110270563178662512,2040,66,2050,98
136,2080,102,-48,48,110270563181581920,2030,136,2051,79
136,2080,106,0,-16,110270563181685648,2040,163,2060,60
136,2081,118,144,48,110270563181379504,2031,64,2061,110
136,2081,123,-48,32,110270563181581920,2030,136,2051,79
136,2081,125,0,144,110270563181667088,2040,161,2051,83
136,2081,126,-32,0,110270563181685648,2040,163,2050,40
140,2070,93,16,48,110270563193990336,2041,73,2060,131
140,2080,106,112,128,110270563194327136,2031,155,2051,44
140,2081,14,112,112,110270563194327136,2031,155,2051,44
141,2070,123,96,96,110270563197423280,2030,36,2060,102
141,2071,143,96,96,110270563197423280,2030,36,2060,102
141,2081,24,-16,32,110270563197255184,2030,32,2050,88
142,2070,152,32,0,110270563200382368,2030,40,2050,110
142,2071,154,32,0,110270563200382368,2030,40,2050,110
142,2080,82,112,32,110270563200090848,2040,72,2061,25
142,2081,117,112,32,110270563200090848,2040,72,2061,25
144,2070,166,0,96,110270563206808656,2030,32,2050,62
144,2071,21,0,80,110270563206808656,2030,32,2050,62
144,2081,147,64,0,110270563206429536,2040,99,2060,121
145,2070,173,32,128,110270563210001968,2030,153,2050,120
145,2070,175,144,272,110270563210115984,2041,60,2060,134
147,2071,353,16,80,110270563216421952,2040,327,2050,351
149,2070,118,48,48,110270563222163344,2031,62,2060,73
149,2071,24,48,32,110270563222163344,2031,62,2060,73
149,2081,87,48,-16,110270563222163344,2031,62,2060,73
150,2070,152,16,80,110270563225440288,2030,54,2061,195
150,2071,199,16,64,110270563225440288,2030,54,2061,195
154,2080,97,32,-16,110270563238300832,2040,126,2051,82
154,2081,28,32,-16,110270563238300832,2040,126,2051,82
155,2080,99,-96,80,110270563241002288,2030,106,2060,44
155,2081,136,-96,48,110270563241002288,2030,106,2060,44
156,2080,76,-32,-112,110270563244069808,2030,41,2051,87
156,2080,77,16,-112,110270563244122640,2030,42,2051,90
156,2081,101,-32,-96,110270563244069808,2030,41,2051,87
156,2081,102,16,-112,110270563244122640,2030,42,2051,90
158,2071,54,-96,112,110270563250541104,2040,58,2051,77
158,2080,147,-112,-48,110270563250956304,2040,68,2050,135
159,2071,103,0,16,110270563254237040,2040,95,2061,178
159,2080,132,-112,32,110270563254144672,2041,46,2060,152
159,2081,74,-112,0,110270563254144672,2041,46,2060,152
160,2071,111,0,64,110270563257026256,2030,56,2060,72
162,2071,13,0,80,110270563263107168,2041,167,2051,61
163,2081,26,-16,0,110270563266582608,2030,137,2050,62
164,2070,160,-32,64,110270563269291840,2041,112,2051,59
164,2070,162,48,48,110270563269487424,2030,140,2060,108
164,2071,130,-32,64,110270563269291840,2041,112,2051,59
166,2070,138,-32,64,110270563275728752,2041,117,2050,44
168,2080,71,32,-16,110270563281822224,2040,21,2060,89
168,2080,81,64,0,110270563282329744,2030,133,2060,97
168,2081,115,32,-32,110270563281822224,2040,21,2060,89
170,2070,168,0,32,110270563288321472,2031,49,2060,60
170,2080,105,48,16,110270563288051968,2040,83,2050,92
170,2081,131,48,-16,110270563288051968,2040,83,2050,92
171,2071,173,16,80,110270563291432160,2041,159,2050,54
171,2080,146,-48,-48,110270563291379552,2030,30,2051,130
171,2081,42,-48,-64,110270563291379552,2030,30,2051,130
175,2080,155,32,0,110270563304286272,2030,49,2051,133
175,2081,25,16,-16,110270563304043488,2040,100,2060,73
176,2081,28,64,16,110270563306891248,2030,149,2061,48
178,2070,137,64,64,110270563313883776,2030,94,2060,60
178,2080,146,-48,32,110270563313515552,2040,99,2051,160
178,2081,38,-48,0,110270563313515552,2040,99,2051,160
179,2080,157,16,0,110270563316981664,2040,44,2061,61
179,2081,120,0,-16,110270563316981664,2041,135,2051,54
179,2081,124,0,64,110270563317036256,2040,46,2050,171
180,2080,112,-16,0,110270563319738912,2030,15,2061,4
180,2081,120,-16,0,110270563319738912,2030,15,2061,4
181,2070,164,16,80,110270563322951696,2031,110,2060,95
184,2080,144,112,64,110270563332641248,2040,115,2051,80
184,2081,24,112,64,110270563332641248,2040,115,2051,80
191,2080,164,-16,0,110270563354637376,2040,132,2050,148
191,2081,64,-16,0,110270563354637376,2040,132,2050,148
193,2080,94,32,-16,110270563361148512,2030,49,2061,108
193,2081,133,32,-32,110270563361148512,2030,49,2061,108
195,2071,153,-48,0,110270563367306992,2031,26,2060,42
197,2081,163,-32,64,110270563373726128,2030,60,2051,50
198,2081,35,-64,-48,110270563376504528,2041,78,2050,136
201,2080,77,-16,0,110270563385719600,2030,128,2061,0
201,2080,80,0,-16,110270563386032896,2040,30,2061,3
201,2081,43,-48,-48,110270563385719600,2030,128,2051,51
201,2081,44,-80,-48,110270563385731728,2031,105,2051,52
201,2081,48,0,-64,110270563386032896,2040,30,2061,3
207,2080,91,16,-16,110270563404715472,2030,103,2050,60
207,2080,98,16,0,110270563405036976,2040,126,2051,77
207,2081,41,16,-48,110270563404715472,2030,103,2050,60
207,2081,50,32,0,110270563405036976,2030,108,2051,77
209,2070,100,64,64,110270563411117920,2030,86,2061,51
210,2080,112,-16,-32,110270563414616592,2040,90,2051,54
210,2081,154,0,-64,110270563414269840,2040,82,2050,96
210,2081,163,-16,0,110270563414616592,2040,90,2051,54
212,2080,130,-112,-16,110270563420893632,2040,48,2061,94
212,2081,41,-112,-16,110270563420893632,2040,48,2061,94
213,2080,66,0,16,110270563424009056,2031,48,2061,111
214,2080,78,-64,-48,110270563426924896,2031,159,2060,168
214,2081,98,-64,-64,110270563426924896,2031,159,2060,168
219,2070,142,-16,112,110270563442906560,2041,131,2050,50
219,2080,153,-16,48,110270563442411792,2030,96,2060,87
219,2081,66,-16,16,110270563442411792,2030,96,2060,87
220,2080,88,16,-48,110270563445727632,2030,136,2050,105
220,2081,49,16,-64,110270563445727632,2030,136,2050,105
222,2080,255,-32,-32,110270563451850448,2030,279,2051,243
222,2081,300,-32,-112,110270563451850448,2030,279,2051,243
224,2070,17,32,80,110270563458249440,2041,21,2061,109
224,2070,18,0,16,110270563458515392,2030,129,2051,58
224,2071,13,80,80,110270563458595664,2030,132,2061,115
224,2081,69,-16,16,110270563458505952,2030,128,2050,101
225,2070,104,0,112,110270563461607024,2041,90,2061,31
225,2070,105,0,48,110270563461711408,2040,80,2061,32
225,2071,160,0,80,110270563461711408,2040,80,2061,32
225,2080,136,16,-80,110270563461780384,2040,82,2061,35
225,2081,44,16,-32,110270563461780384,2040,82,2061,35
227,2070,149,-32,48,110270563467776112,2040,26,2051,57
227,2071,151,-32,48,110270563467776112,2040,26,2051,57
228,2080,201,0,-16,110270563470634288,2040,44,2061,149
228,2081,137,-32,0,110270563470634288,2040,44,2051,121
229,2071,30,-64,80,110270563473771152,2040,35,2051,59
229,2081,88,0,0,110270563473961680,2040,39,2051,63
230,2071,165,-80,128,110270563477177280,2040,86,2051,61
233,2080,269,-16,-16,110270563486460384,2030,288,2051,257
233,2080,281,-96,128,110270563486810688,2040,340,2051,263
233,2081,373,32,0,110270563486460384,2031,360,2051,257
233,2081,383,-96,80,110270563486810688,2040,340,2051,263
234,2080,186,-96,80,110270563489515120,2030,92,2051,200
234,2080,187,-144,32,110270563489519872,2031,64,2050,149
234,2080,191,-16,16,110270563489764352,2041,58,2050,155
234,2081,162,-96,64,110270563489515120,2030,92,2051,200
234,2081,163,-144,32,110270563489519872,2031,64,2050,149
234,2081,168,16,0,110270563489764352,2040,140,2050,155
234,2081,171,-16,-64,110270563489900464,2030,100,2060,86
235,2070,123,0,64,110270563492500880,2030,100,2050,83
236,2071,158,-96,160,110270563495974384,2030,33,2050,99
236,2081,15,-16,0,110270563495996192,2031,127,2061,23
237,2071,16,64,48,110270563498864336,2041,120,2060,32
237,2080,72,-16,-16,110270563498935680,2041,122,2051,52
237,2080,75,-16,0,110270563499029488,2030,108,2051,53
237,2080,77,-48,48,110270563499122400,2030,110,2051,57
237,2081,87,16,0,110270563498935680,2040,99,2061,8
239,2080,70,16,0,110270563505117808,2031,91,2050,60
240,2080,115,-48,16,110270563508837328,2031,75,2061,25
240,2081,150,-48,-16,110270563508837328,2031,75,2061,25
241,2081,91,-32,16,110270563511923520,2030,25,2051,74
244,2080,121,-64,64,110270563521023968,2030,21,2050,34
244,2081,88,-64,64,110270563521023968,2030,21,2050,34
245,2070,155,-48,16,110270563524055408,2030,11,2061,36
245,2081,58,-32,16,110270563524488512,2030,18,2051,33
247,2080,95,-96,80,110270563530936352,2031,116,2051,77
249,2080,40,-16,0,110270563537115936,2030,127,2050,64
249,2081,143,64,0,110270563536983312,2041,186,2050,61
249,2081,149,-16,-16,110270563537115936,2030,127,2050,64
250,2080,152,16,16,110270563539833584,2031,69,2050,116
251,2080,76,32,0,110270563542847232,2030,155,2060,89
251,2080,78,32,16,110270563542947440,2030,158,2050,39
251,2080,83,-32,-16,110270563543165536,2031,115,2051,61
251,2081,146,32,-16,110270563542947440,2030,158,2050,39
251,2081,149,-32,-16,110270563543165536,2031,115,2051,61
252,2080,98,80,-80,110270563546067888,2030,129,2060,43
252,2080,105,16,-48,110270563546366688,2030,136,2050,37
252,2081,70,16,0,110270563546366688,2030,136,2050,37
253,2071,192,-16,64,110270563549480512,2040,163,2050,59
254,2080,89,-32,-32,110270563552460048,2031,111,2050,19
254,2081,43,-32,-32,110270563552460048,2031,111,2050,19
255,2070,101,-112,64,110270563555552192,2040,30,2051,18
259,2070,70,16,80,110270563568155888,2031,152,2050,121
259,2070,71,0,0,110270563568505872,2030,91,2060,142
259,2071,174,16,48,110270563568155888,2031,152,2050,121
259,2080,93,-48,-16,110270563568049024,2040,25,2051,74
260,2070,144,0,48,110270563571495632,2030,119,2051,42
261,2080,90,-16,16,110270563574753312,2030,106,2050,33
261,2081,17,-16,0,110270563574753312,2030,106,2050,33
263,2080,87,-128,96,110270563580796160,2030,108,2061,13
263,2081,96,-128,112,110270563580796160,2030,108,2061,13
265,2080,148,-48,0,110270563586850640,2031,87,2050,134
265,2081,63,48,-16,110270563586850640,2031,87,2060,97
266,2080,141,-80,48,110270563590301248,2031,52,2050,132
266,2081,64,-80,32,110270563590301248,2031,52,2050,132
268,2080,143,0,32,110270563596497632,2031,62,2051,28
270,2080,135,48,16,110270563603178688,2030,51,2061,150
270,2081,18,48,0,110270563603178688,2030,51,2061,150
272,2071,169,48,112,110270563609391056,2031,51,2050,26
272,2080,104,16,0,110270563609323968,2030,125,2050,24
272,2081,163,16,-16,110270563609323968,2030,125,2050,24
274,2070,135,32,128,110270563615382128,2041,112,2050,43
274,2071,202,32,112,110270563615382128,2041,112,2050,43
274,2071,203,0,48,110270563615388464,2040,58,2051,99
274,2071,204,64,96,110270563615703840,2030,191,2060,154
274,2080,78,-32,0,110270563615208384,2040,54,2051,95
274,2080,80,0,-16,110270563615340624,2031,161,2061,194
274,2080,91,0,-32,110270563615656640,2040,68,2050,50
274,2081,21,-32,0,110270563615208384,2040,54,2051,95
274,2081,24,-32,0,110270563615340624,2031,161,2051,97
274,2081,36,0,0,110270563615656640,2040,68,2050,50
275,2081,148,-16,-112,110270563618802496,2041,118,2051,72
276,2070,96,-64,80,110270563621396688,2030,22,2051,135
277,2080,85,-16,-16,110270563624926208,2031,65,2051,16
277,2081,53,80,0,110270563624926208,2031,65,2050,105
278,2080,97,0,-16,110270563627743952,2040,68,2050,19
278,2081,108,0,-80,110270563627743952,2040,68,2050,19
279,2080,96,0,0,110270563631032064,2030,150,2051,57
279,2080,97,112,-112,110270563631115520,2040,75,2050,119
279,2081,21,0,-16,110270563631032064,2031,143,2061,45
279,2081,23,-16,0,110270563631219952,2040,76,2051,64
283,2080,166,64,-16,110270563643596304,2030,40,2060,56
284,2071,9,16,48,110270563646518128,2030,96,2060,108
284,2080,62,48,-16,110270563646941728,2030,104,2061,22
285,2070,68,-80,112,110270563649976160,2041,39,2051,88
285,2071,45,-80,96,110270563649976160,2041,39,2051,88
286,2070,107,-16,96,110270563653060416,2041,79,2051,71
286,2071,133,-16,96,110270563653060416,2041,79,2051,71
287,2080,98,-112,0,110270563656672352,2041,123,2060,44
288,2071,25,32,48,110270563659758064,2031,127,2060,137
288,2080,91,-32,-16,110270563659601312,2030,42,2050,58
288,2081,157,-32,0,110270563659601312,2030,42,2050,58
290,2080,261,16,32,110270563665856400,2040,317,2050,343
290,2081,369,16,32,110270563665856400,2040,317,2050,343
290,2081,373,64,0,110270563666049504,2030,296,2060,380
292,2070,55,32,32,110270563672299264,2040,33,2061,139
292,2080,105,-16,-16,110270563672066304,2030,16,2051,59
294,2081,165,48,48,110270563678346672,2030,37,2051,117
295,2071,193,-32,80,110270563681496272,2040,69,2051,137
297,2070,113,0,0,110270563687688368,2041,91,2061,149
297,2070,115,-32,80,110270563687976752,2030,24,2051,75
297,2071,145,0,16,110270563687688368,2041,91,2061,149
297,2071,147,-32,112,110270563687976752,2030,24,2051,75
299,2080,83,16,0,110270563694271408,2030,97,2050,54
300,2071,148,0,48,110270563697462720,2030,35,2060,118
300,2081,107,32,-32,110270563697485456,2031,130,2060,119
301,2080,140,0,-32,110270563700322256,2030,47,2051,34
301,2080,144,-48,0,110270563700473488,2031,93,2061,160
301,2081,55,0,-32,110270563700322256,2030,47,2051,34
301,2081,62,-48,16,110270563700473488,2031,93,2061,160
302,2081,119,-48,0,110270563703705888,2040,78,2051,89
303,2081,80,32,-48,110270563706873536,2041,61,2051,51
304,2081,60,0,128,110270563710112480,2040,133,2060,111
306,2070,88,0,48,110270563716442560,2040,64,2051,110
306,2071,145,0,48,110270563716442560,2040,64,2051,110
306,2080,95,-48,-32,110270563716176768,2031,36,2050,17
306,2081,136,-48,16,110270563716176768,2031,36,2050,17
307,2070,92,-160,80,110270563719149504,2041,45,2061,156
307,2071,163,-160,80,110270563719149504,2041,45,2061,156
308,2070,195,0,32,110270563722647376,2030,174,2061,59
308,2081,84,-16,0,110270563722424688,2041,71,2050,155
309,2080,152,-32,0,110270563725778608,2041,184,2051,124
309,2080,153,0,16,110270563725822128,2031,95,2050,70
309,2081,113,-32,-48,110270563725770976,2040,54,2050,67
309,2081,114,-32,16,110270563725778608,2041,184,2051,124
311,2070,129,0,16,110270563731643504,2030,86,2061,70
311,2071,72,0,0,110270563731643504,2030,86,2061,70
312,2070,167,-48,80,110270563735005824,2040,157,2051,97
313,2070,116,-16,80,110270563737779824,2031,26,2060,21
313,2071,64,-16,64,110270563737779824,2031,26,2060,21
315,2070,124,-16,32,110270563744351760,2030,154,2060,17
317,2080,136,0,-16,110270563750408480,2030,85,2050,125
317,2081,76,0,-32,110270563750408480,2030,85,2050,125
319,2070,106,0,64,110270563757032384,2030,35,2061,52
319,2071,126,0,48,110270563757032384,2030,35,2061,52
320,2070,105,32,128,110270563759908400,2030,119,2050,45
324,2070,86,80,128,110270563772672848,2040,56,2060,140
324,2080,98,-48,64,110270563772460736,2030,32,2050,19
324,2080,103,80,48,110270563772672848,2040,56,2060,140
324,2081,13,80,112,110270563772672848,2040,56,2060,140
325,2081,61,0,-96,110270563775824256,2040,130,2060,36
327,2070,211,16,80,110270563782324608,2031,108,2051,34
327,2071,175,16,64,110270563782324608,2031,108,2051,34
327,2081,135,0,-96,110270563781850096,2040,191,2050,49
328,2080,112,-16,0,110270563785612848,2030,170,2051,73
329,2070,94,32,128,110270563788960128,2030,124,2050,146
329,2071,84,32,144,110270563788960128,2030,124,2050,146
330,2070,143,16,96,110270563791659616,2031,49,2050,78
331,2080,95,-144,160,110270563794904928,2030,159,2051,78
334,2070,101,-80,176,110270563804465696,2031,87,2051,57
335,2080,86,80,16,110270563807359408,2030,6,2061,71
335,2080,88,16,-96,110270563807472976,2030,11,2061,76
335,2081,41,16,-96,110270563807472976,2030,11,2061,76
338,2080,142,0,0,110270563816737152,2031,57,2051,161
338,2080,154,96,0,110270563817103392,2041,122,2061,90
338,2081,173,0,0,110270563816737152,2031,57,2051,161
338,2081,184,96,0,110270563817103392,2041,122,2061,90
339,2080,120,-32,-64,110270563820055152,2031,92,2050,104
339,2081,71,-32,-64,110270563820055152,2031,92,2050,104
340,2070,160,0,48,110270563823141568,2040,176,2050,137
340,2080,114,16,-16,110270563823113936,2030,61,2060,100
340,2081,38,16,-16,110270563823113936,2030,61,2060,100
341,2070,52,-16,176,110270563826014048,2031,76,2050,14
341,2071,174,32,48,110270563826044176,2040,38,2061,131
341,2080,116,-112,-32,110270563826091312,2031,79,2050,19
341,2081,157,-112,-48,110270563826091312,2031,79,2050,19
343,2081,147,0,16,110270563832624400,2041,155,2050,98
344,2070,150,64,-80,110270563835457792,2030,158,2051,36
344,2080,115,-32,-16,110270563835273056,2030,152,2050,100
346,2070,116,64,96,110270563841544000,2030,46,2060,59
346,2071,58,64,80,110270563841544000,2030,46,2060,59
346,2080,151,48,-32,110270563841652048,2040,102,2061,38
346,2080,160,64,32,110270563842049872,2031,83,2061,43
346,2081,183,48,0,110270563841652048,2040,102,2061,38
346,2081,191,-16,48,110270563842083120,2030,56,2050,144
347,2080,123,16,0,110270563844855968,2030,175,2050,139
347,2080,129,-112,32,110270563845230432,2031,67,2060,78
347,2081,158,16,-32,110270563844855968,2030,175,2050,139
347,2081,165,-112,32,110270563845230432,2031,67,2060,78
348,2070,106,0,48,110270563847950656,2031,21,2050,42
349,2080,108,16,-32,110270563851441088,2031,34,2050,127
349,2080,109,-96,-16,110270563851468368,2040,66,2060,51
349,2081,163,16,-32,110270563851441088,2031,34,2050,127
349,2081,164,-96,-16,110270563851468368,2040,66,2060,51
350,2070,170,-128,144,110270563854280608,2031,39,2051,72
351,2080,102,0,-80,110270563857290064,2041,131,2061,9
351,2081,75,0,-48,110270563857290064,2041,131,2061,9
351,2081,79,16,0,110270563857540000,2040,68,2060,35
352,2071,108,-64,112,110270563860361792,2041,63,2051,122
353,2071,141,-16,64,110270563863999856,2040,131,2060,65
358,2081,137,48,16,110270563879745824,2030,153,2060,51
362,2071,145,0,64,110270563892263104,2031,56,2050,99
363,2080,115,-96,80,110270563895410672,2030,143,2051,130
363,2081,168,-96,32,110270563895410672,2030,143,2051,130
363,2081,169,-80,-96,110270563895482496,2041,89,2050,61
366,2070,106,-128,160,110270563904725296,2030,65,2060,125
366,2071,183,-128,160,110270563904725296,2030,65,2060,125
367,2080,109,32,32,110270563907794800,2031,70,2051,92
367,2080,111,0,-64,110270563907886192,2030,29,2050,41
367,2080,113,-64,16,110270563907940080,2040,137,2050,43
367,2081,122,0,-64,110270563907886192,2030,29,2050,41
369,2080,62,-32,0,110270563913898224,2030,131,2051,50
369,2081,116,-32,-16,110270563913898224,2030,131,2051,50
370,2080,117,16,-16,110270563917282160,2041,39,2060,73
372,2070,156,-48,32,110270563923523760,2041,137,2060,75
372,2071,177,-16,128,110270563923380576,2031,60,2051,45
372,2071,178,-48,48,110270563923523760,2041,137,2060,75
372,2071,179,-16,48,110270563923716544,2041,147,2061,86
374,2070,66,32,80,110270563930042496,2031,147,2050,100
374,2080,119,-16,-32,110270563930104528,2030,164,2050,101
375,2080,119,112,16,110270563932821536,2031,28,2050,9
375,2081,74,112,16,110270563932821536,2031,28,2050,9
379,2080,58,0,0,110270563946126864,2030,125,2050,40
380,2071,196,-48,80,110270563949052240,2040,114,2051,24
381,2071,152,32,112,110270563952010624,2040,63,2051,84
383,2070,135,0,48,110270563958123600,2040,62,2061,52
383,2071,29,0,32,110270563958123600,2040,62,2061,52
386,2080,82,-80,-16,110270563967683648,2040,8,2050,64
386,2080,88,-16,0,110270563967893408,2031,124,2051,50
386,2081,142,32,80,110270563967439616,2031,113,2060,130
386,2081,148,-80,-16,110270563967683648,2040,8,2050,64
386,2081,156,-16,16,110270563967893408,2031,124,2051,50
387,2081,81,80,-64,110270563971135696,2041,156,2051,94
389,2070,168,16,80,110270563977345680,2030,139,2050,64
390,2070,165,32,48,110270563980510096,2030,74,2051,125
392,2080,107,-48,0,110270563986399776,2041,31,2060,94
392,2081,21,-48,16,110270563986399776,2041,31,2060,94
393,2080,202,0,16,110270563989894192,2040,118,2050,26
393,2081,144,16,16,110270563989504608,2030,127,2060,31
393,2081,153,0,-16,110270563989894192,2040,118,2050,26
397,2080,68,-32,16,110270564001876800,2041,137,2061,152
399,2070,68,64,112,110270564008347744,2030,116,2061,24
399,2071,49,-16,16,110270564008507312,2031,81,2060,71
400,2070,139,-112,64,110270564011479744,2040,131,2050,82
402,2070,159,64,112,110270564018123584,2030,62,2060,119
405,2080,86,48,16,110270564027551440,2031,126,2061,62
405,2081,37,48,0,110270564027551440,2031,126,2061,62
406,2081,107,-32,0,110270564030645536,2030,126,2050,90
409,2070,97,-16,-64,110270564039755232,2031,23,2050,168
409,2071,18,-64,112,110270564040044048,2031,33,2051,68
409,2071,19,80,128,110270564040058640,2030,114,2051,70
410,2080,169,-16,64,110270564042831328,2031,77,2051,127
411,2081,50,-64,48,110270564046242336,2030,97,2051,104
414,2070,138,-16,64,110270564055354304,2041,55,2060,86
414,2070,139,112,96,110270564055597648,2030,46,2060,92
414,2081,109,-16,-48,110270564055255184,2040,124,2060,83
415,2080,87,0,16,110270564058946320,2031,132,2051,63
416,2071,161,0,32,110270564062090624,2031,65,2061,97
419,2080,109,0,0,110270564071205984,2031,65,2050,80
420,2070,135,-32,80,110270564074272896,2040,104,2061,145
420,2070,136,-64,96,110270564074414720,2040,111,2051,54
420,2071,141,-32,48,110270564074272896,2040,104,2061,145
421,2070,121,0,80,110270564077641120,2030,104,2051,35
421,2071,125,0,64,110270564077641120,2030,104,2051,35
422,2080,126,0,-16,110270564080695328,2030,182,2060,72
423,2080,118,-96,112,110270564083544400,2040,64,2050,103
423,2080,119,-32,-16,110270564083600784,2041,80,2050,104
423,2080,122,-32,-32,110270564083712256,2040,68,2050,106
423,2081,51,-32,-48,110270564083600784,2041,80,2050,104
426,2070,118,48,80,110270564093292176,2040,82,2060,54
426,2080,130,-16,-32,110270564093076192,2030,146,2051,139
426,2081,91,-16,0,110270564093076192,2030,146,2051,139
427,2071,27,16,160,110270564096400848,2040,10,2051,46
428,2081,41,32,0,110270564099500784,2030,187,2060,98
431,2071,130,-128,144,110270564108991920,2040,23,2051,50
432,2070,161,-16,48,110270564112407584,2040,135,2061,108
433,2070,84,-32,80,110270564115135296,2040,94,2051,158
433,2081,127,0,-16,110270564115425056,2031,66,2051,164
435,2070,130,16,48,110270564121378096,2040,113,2060,93
436,2070,57,0,80,110270564125239056,2030,95,2050,129
436,2071,144,0,96,110270564125239056,2030,95,2050,129
436,2081,45,48,32,110270564125030960,2031,71,2060,81
437,2071,146,0,32,110270564128390800,2031,39,2061,56
438,2080,68,32,-16,110270564131519728,2041,119,2060,174
440,2070,202,-64,96,110270564137456496,2041,186,2051,47
440,2071,58,-64,96,110270564137456496,2041,186,2051,47
440,2080,157,0,16,110270564137309568,2030,81,2050,142
440,2080,166,16,0,110270564137579120,2031,106,2051,50
440,2081,60,0,16,110270564137309568,2030,81,2050,142
440,2081,70,16,-32,110270564137579120,2031,106,2051,50
441,2080,157,48,-80,110270564140349392,2030,67,2050,121
441,2081,169,48,-64,110270564140349392,2030,67,2050,121
442,2070,154,-16,112,110270564143934928,2030,31,2051,126
443,2070,176,0,16,110270564147038816,2041,104,2060,87
443,2081,150,0,32,110270564146868752,2031,66,2051,138
444,2070,127,0,-48,110270564150119920,2040,135,2050,119
444,2080,94,32,32,110270564149954880,2030,35,2051,83
444,2081,144,32,16,110270564149954880,2030,35,2051,83
445,2081,52,-144,16,110270564153391920,2040,66,2060,12
446,2070,137,16,0,110270564156191632,2041,124,2060,40
446,2071,198,32,0,110270564156191632,2040,156,2060,40
447,2071,196,0,16,110270564159634576,2030,26,2061,143
447,2080,132,16,0,110270564159594240,2040,73,2051,104
447,2081,164,16,0,110270564159594240,2040,73,2051,104
449,2070,136,-16,80,110270564165933744,2030,27,2050,118
451,2080,99,64,-16,110270564171785856,2031,82,2060,71
451,2081,136,64,-32,110270564171785856,2031,82,2060,71
455,2071,178,0,64,110270564184485296,2041,150,2060,103
459,2080,65,-160,-16,110270564196852240,2031,91,2061,107
460,2081,143,-64,-48,110270564199936064,2040,66,2060,27
461,2080,99,-48,-48,110270564203481376,2031,63,2051,77
461,2081,111,-80,16,110270564203249312,2030,143,2051,69
461,2081,114,64,0,110270564203315296,2030,146,2060,47
461,2081,117,-48,-64,110270564203481376,2031,63,2051,77
464,2070,117,0,0,110270564212573696,2040,113,2061,29
465,2080,65,-32,0,110270564215804688,2040,127,2061,54
465,2081,44,-32,0,110270564215804688,2040,127,2061,54
467,2070,72,48,144,110270564222282224,2040,47,2051,83
468,2080,115,-96,-32,110270564225494336,2030,60,2050,46
468,2081,147,-96,-32,110270564225494336,2030,60,2050,46
470,2070,170,-16,96,110270564231629776,2030,55,2050,103
470,2080,124,0,0,110270564231918784,2030,62,2050,107
471,2070,103,16,128,110270564234681824,2040,26,2050,40
471,2071,10,16,96,110270564234681824,2040,26,2050,40
472,2070,96,16,64,110270564238065664,2040,85,2051,10
472,2080,19,0,0,110270564237736192,2041,101,2060,50
472,2081,115,32,-48,110270564237736208,2040,79,2060,50
474,2071,157,112,176,110270564244350160,2030,141,2050,60
474,2080,70,16,-16,110270564244140960,2041,151,2061,3
474,2081,117,16,-16,110270564244140960,2041,151,2061,3
476,2070,59,0,64,110270564250185696,2031,75,2050,139
476,2071,35,0,48,110270564250185696,2031,75,2050,139
476,2080,152,0,0,110270564250257952,2031,80,2050,141
476,2081,130,0,0,110270564250510192,2031,83,2050,146
477,2081,69,-64,32,110270564253613280,2041,182,2050,88
479,2070,55,64,64,110270564259779664,2031,28,2061,108
479,2071,148,64,48,110270564259779664,2031,28,2061,108
479,2071,150,48,64,110270564260083760,2040,52,2061,113
480,2081,127,-80,-32,110270564262634912,2030,48,2051,35
483,2070,138,-16,80,110270564272604240,2030,150,2060,10
484,2081,131,-16,-32,110270564275661328,2030,15,2050,61
484,2081,138,-112,-64,110270564276010432,2040,121,2060,40
488,2080,79,-64,48,110270564288470608,2031,150,2060,137
488,2080,82,-32,0,110270564288566624,2030,167,2051,60
491,2080,77,80,0,110270564297710816,2030,101,2060,137
491,2081,91,80,32,110270564297710816,2030,101,2060,137
493,2070,69,0,64,110270564304457440,2040,27,2061,37
493,2070,70,-32,144,110270564304459952,2041,61,2051,50
494,2080,67,-80,-32,110270564307136768,2030,133,2051,26
496,2080,82,-144,96,110270564313458512,2030,155,2050,28
497,2071,209,128,208,110270564316642272,2041,55,2050,170
497,2080,195,32,0,110270564316663440,2040,152,2061,21
497,2081,130,-16,0,110270564316663440,2040,152,2051,35
500,2081,160,0,0,110270564326360288,2030,37,2060,75
504,2070,130,0,96,110270564338376320,2030,80,2051,8
508,2070,100,64,80,110270564351059232,2030,45,2060,75
512,2080,50,-16,0,110270564363455616,2040,107,2051,11
512,2081,130,0,-16,110270564363455616,2031,39,2060,21
512,2081,138,-16,-32,110270564363627408,2031,43,2060,26
514,2070,148,-16,48,110270564369626736,2031,96,2061,124
514,2081,78,48,16,110270564369945680,2030,139,2050,33
515,2071,16,16,48,110270564373132336,2031,66,2061,120
515,2080,77,-48,32,110270564372807184,2030,163,2050,22
515,2081,104,-48,32,110270564372807184,2030,163,2050,22
518,2080,110,-32,0,110270564382824064,2041,60,2050,98
518,2081,49,-48,16,110270564382824064,2040,32,2051,83
519,2081,27,-48,0,110270564385532304,2041,144,2050,72
523,2071,30,32,80,110270564398486144,2040,127,2050,175
524,2070,139,32,48,110270564401438416,2040,129,2060,93
524,2071,40,32,16,110270564401438416,2040,129,2060,93
525,2070,96,-32,16,110270564404742080,2040,56,2060,42
525,2071,147,-32,0,110270564404742080,2040,56,2060,42
525,2080,112,-128,0,110270564404601248,2040,51,2051,120
526,2071,161,16,96,110270564407682336,2030,34,2051,17
526,2080,64,32,32,110270564407879536,2041,50,2060,155
526,2080,65,48,-32,110270564407886112,2040,130,2051,22
526,2081,101,32,0,110270564407879536,2041,50,2060,155
527,2070,53,-32,32,110270564410639888,2041,58,2050,14
527,2080,137,96,-32,110270564411043040,2030,117,2060,100
527,2081,159,96,-64,110270564411043040,2030,117,2060,100
530,2070,136,160,240,110270564420555040,2030,26,2051,39
534,2070,40,-16,32,110270564433269184,2030,144,2060,71
537,2071,147,0,0,110270564442406208,2040,105,2061,90
538,2070,128,0,32,110270564445461024,2031,69,2060,88
538,2081,26,-32,0,110270564445221968,2031,62,2060,82
539,2070,97,-32,96,110270564448751040,2040,73,2051,20
539,2071,153,-32,80,110270564448751040,2040,73,2051,20
539,2080,144,-64,-128,110270564448803888,2040,76,2051,22
539,2081,113,-64,-112,110270564448803888,2040,76,2051,22
540,2080,119,-16,-16,110270564451892304,2040,21,2060,78
540,2081,28,-16,-16,110270564451892304,2040,21,2060,78
541,2080,118,-48,32,110270564454553856,2041,140,2050,103
541,2081,93,-48,0,110270564454553856,2041,140,2050,103
543,2070,75,-32,112,110270564460916208,2040,53,2051,83
543,2081,97,96,144,110270564461057216,2040,56,2050,117
544,2071,198,-16,16,110270564464500768,2040,145,2060,81
546,2081,33,16,-48,110270564470277408,2031,47,2060,64
547,2081,169,32,-32,110270564473777600,2030,188,2061,87
548,2070,117,16,96,110270564476467040,2030,71,2061,18
548,2070,118,64,96,110270564476892864,2030,77,2050,91
548,2071,165,64,80,110270564476892864,2030,77,2050,91
549,2070,117,-80,128,110270564480153984,2031,58,2051,25
549,2071,40,-80,160,110270564480153984,2031,58,2051,25
550,2080,125,48,-16,110270564483310736,2030,80,2061,136
550,2081,35,80,0,110270564483310752,2041,93,2061,136
552,2080,139,0,32,110270564489666560,2040,115,2051,83
553,2080,121,-64,32,110270564492448752,2041,90,2050,150
553,2081,31,-64,32,110270564492448752,2041,90,2050,150
555,2081,17,48,0,110270564499063600,2030,121,2050,63
557,2080,244,0,-16,110270564505311376,2041,231,2051,253
557,2081,222,0,0,110270564505311376,2041,231,2051,253
558,2080,134,-80,32,110270564508438656,2031,52,2050,83
558,2080,147,-96,0,110270564508853328,2040,35,2061,111
558,2081,170,-64,48,110270564508473696,2030,10,2051,152
558,2081,180,-96,0,110270564508853328,2040,35,2061,111
559,2071,170,-16,64,110270564511751616,2030,119,2051,86
562,2071,124,-16,-16,110270564521026592,2030,44,2060,65
563,2070,161,-80,128,110270564524597152,2040,104,2050,140
563,2071,177,-80,128,110270564524597152,2040,104,2050,140
563,2080,111,16,0,110270564524216432,2040,100,2051,48
563,2080,115,32,-80,110270564524465312,2040,103,2060,81
563,2081,166,16,0,110270564524216432,2040,100,2051,48
563,2081,170,32,-96,110270564524465312,2040,103,2060,81
567,2070,105,32,80,110270564536856848,2030,80,2050,65
568,2070,89,64,64,110270564539938304,2030,9,2060,51
568,2081,58,16,-16,110270564539684016,2040,75,2051,71
569,2071,56,-64,96,110270564543193824,2030,66,2051,18
571,2070,132,-80,0,110270564549088896,2030,65,2061,54
571,2071,39,-80,0,110270564549088896,2030,65,2061,54
571,2081,41,-160,16,110270564549088896,2030,65,2051,141
572,2070,81,-16,-16,110270564552487808,2041,88,2061,140
572,2071,98,-16,0,110270564552487808,2041,88,2061,140
573,2070,97,64,80,110270564555297136,2040,63,2060,114
573,2080,173,-128,0,110270564555767168,2040,75,2050,161
576,2080,120,16,-16,110270564564948400,2030,144,2050,98
576,2081,24,16,-16,110270564564948400,2030,144,2050,98
577,2071,172,-16,48,110270564567985168,2031,77,2051,101
577,2080,114,0,0,110270564567855488,2031,72,2050,33
577,2080,129,-16,-48,110270564568288432,2040,26,2050,41
577,2081,168,-16,-48,110270564568288432,2040,26,2050,41
578,2080,64,16,0,110270564571107440,2040,54,2050,79
578,2080,71,48,-16,110270564571426560,2031,39,2061,16
578,2081,102,16,-16,110270564571107440,2040,54,2050,79
579,2081,17,0,0,110270564574403552,2030,42,2051,101
581,2080,95,16,-32,110270564580949456,2041,124,2061,62
581,2081,143,16,-16,110270564580949456,2041,124,2061,62
582,2071,13,64,64,110270564583645008,2040,15,2061,116
582,2081,137,-48,-16,110270564583961008,2040,19,2061,119
582,2081,142,16,-16,110270564584153280,2030,65,2051,74
583,2070,155,80,96,110270564586692096,2041,159,2061,171
583,2081,47,-48,16,110270564587078016,2040,76,2051,34
585,2080,121,80,-16,110270564593427472,2040,80,2051,41
586,2070,154,32,48,110270564596454672,2041,134,2061,193
588,2070,117,-32,48,110270564602467216,2040,126,2060,47
588,2080,85,-80,-16,110270564602658800,2041,31,2050,106
588,2081,18,-80,-32,110270564602658800,2041,31,2050,106
590,2081,40,-128,80,110270564608964480,2040,16,2051,56
591,2081,74,80,96,110270564611913712,2030,63,2050,44
592,2080,101,-48,-64,110270564614815616,2030,116,2051,79
592,2080,114,-16,0,110270564615384416,2030,129,2050,53
592,2081,152,-48,-80,110270564614815616,2030,116,2051,79
592,2081,165,-16,-16,110270564615384416,2030,129,2050,53
593,2071,22,16,80,110270564618533776,2030,70,2060,35
595,2080,69,80,48,110270564624242848,2030,117,2060,99
595,2080,74,0,-16,110270564624416400,2031,89,2050,51
598,2081,99,-16,0,110270564634070704,2040,45,2061,28
600,2080,126,-48,-32,110270564640423760,2040,153,2051,51
601,2080,100,-80,0,110270564643172416,2031,72,2051,65
601,2081,32,-80,16,110270564643172416,2031,72,2051,65
602,2080,224,0,0,110270564646502416,2041,231,2051,212
602,2080,228,0,-96,110270564646846592,2031,258,2051,216
602,2081,201,16,-32,110270564646466960,2030,314,2050,285
602,2081,203,0,0,110270564646502416,2041,231,2051,212
602,2081,209,0,-96,110270564646846592,2031,258,2051,216
604,2080,128,16,0,110270564652821664,2030,25,2051,138
604,2081,150,-16,0,110270564652821664,2040,64,2051,138
607,2081,84,-16,16,110270564662114560,2031,71,2051,104
607,2081,91,48,-144,110270564662360128,2031,76,2050,160
608,2070,129,0,48,110270564665217408,2041,115,2061,103
609,2080,107,-32,0,110270564668496560,2031,97,2050,131
609,2081,66,-32,0,110270564668496560,2031,97,2050,131
610,2080,97,-64,16,110270564671942336,2030,137,2050,88
611,2071,191,32,64,110270564674947344,2030,170,2060,61
612,2070,95,-32,96,110270564678130640,2041,105,2050,161
612,2080,143,64,-16,110270564678088176,2030,79,2060,129
612,2080,148,32,-48,110270564678216544,2040,62,2050,165
612,2081,22,64,48,110270564678088176,2030,79,2060,129
612,2081,25,32,0,110270564678216544,2040,62,2050,165
613,2071,216,-32,112,110270564681436864,2030,210,2050,169
613,2080,173,-16,-32,110270564680930544,2031,77,2050,152
613,2080,176,32,0,110270564681026240,2030,202,2050,156
614,2070,100,-32,64,110270564684424432,2030,48,2060,22
614,2071,134,-32,64,110270564684424432,2030,48,2060,22
615,2070,89,-32,64,110270564687720224,2031,37,2050,121
615,2080,135,-64,64,110270564687600544,2041,68,2061,17
615,2081,82,-64,64,110270564687600544,2041,68,2061,17
615,2081,83,-32,-64,110270564687720224,2031,37,2050,121
616,2070,78,32,64,110270564690701712,2041,68,2061,119
617,2080,148,48,80,110270564693501936,2031,67,2051,23
617,2080,149,-16,-32,110270564693520128,2030,54,2051,24
617,2081,36,48,80,110270564693501936,2031,67,2051,23
617,2081,37,-16,-16,110270564693520128,2030,54,2051,24
618,2080,66,-96,16,110270564696867616,2040,135,2050,90
618,2081,169,-96,32,110270564696867616,2040,135,2050,90
619,2080,105,-32,-32,110270564699820464,2041,129,2060,32
621,2080,167,80,0,110270564705929280,2030,67,2060,99
621,2080,173,64,192,110270564706186160,2031,85,2060,106
621,2081,58,80,16,110270564705929280,2030,67,2060,99
622,2071,23,48,112,110270564709524976,2041,96,2050,55
623,2081,17,-64,-64,110270564712280880,2030,129,2050,45
626,2080,104,-128,96,110270564721998048,2031,65,2051,113
626,2081,85,-128,96,110270564721998048,2031,65,2051,113
626,2081,92,-80,32,110270564722422848,2030,190,2050,41
628,2080,83,16,-16,110270564728284512,2030,127,2061,23
628,2081,110,-16,16,110270564728286384,2030,128,2051,55
629,2070,187,0,64,110270564731397984,2031,135,2051,71
631,2080,123,64,16,110270564738013296,2030,59,2060,144
631,2081,26,-64,-16,110270564737935408,2040,70,2050,105
631,2081,28,64,0,110270564738013296,2030,59,2060,144
632,2081,156,0,32,110270564741234304,2030,141,2051,24
633,2081,60,-96,16,110270564743862064,2031,35,2051,74
634,2071,201,16,48,110270564747163920,2030,12,2050,190
634,2080,161,-16,-16,110270564747128096,2040,71,2060,58
634,2081,132,-48,0,110270564747128096,2040,71,2050,188
637,2070,80,32,80,110270564756926240,2040,77,2050,125
637,2071,128,32,64,110270564756926240,2040,77,2050,125
637,2080,104,-48,80,110270564756789392,2031,55,2051,17
637,2080,106,32,-64,110270564756926240,2040,77,2050,125
637,2081,39,32,-64,110270564756926240,2040,77,2050,125
638,2080,147,-80,112,110270564759558656,2030,32,2051,17
639,2080,139,-64,-48,110270564762760240,2031,56,2050,124
639,2081,22,-64,-32,110270564762760240,2031,56,2050,124
641,2071,23,0,0,110270564768869424,2031,106,2060,97
645,2070,72,80,128,110270564781882928,2030,141,2050,39
645,2071,144,80,128,110270564781882928,2030,141,2050,39
646,2070,104,16,80,110270564784800736,2030,90,2051,64
647,2071,189,-16,80,110270564787998528,2040,80,2050,182
647,2081,148,16,0,110270564788163616,2041,130,2050,188
648,2081,140,-160,-112,110270564791226032,2031,42,2060,55
651,2080,146,-16,0,110270564800352192,2031,124,2050,169
656,2080,67,-16,0,110270564816191664,2031,109,2050,55
656,2080,71,48,-16,110270564816486144,2030,20,2060,101
656,2081,27,48,0,110270564816191648,2041,123,2061,146
656,2081,34,48,-32,110270564816486144,2030,20,2060,101
657,2080,27,64,0,110270564819745984,2030,76,2061,8
657,2081,87,0,-32,110270564819702128,2031,67,2061,7
657,2081,89,64,0,110270564819745984,2030,76,2061,8
658,2070,118,16,96,110270564822293216,2030,97,2050,65
658,2070,119,-80,80,110270564822439472,2040,52,2051,42
658,2071,89,16,112,110270564822293216,2030,97,2050,65
658,2071,92,-80,48,110270564822439472,2040,52,2051,42
658,2071,95,0,80,110270564822798800,2040,62,2061,37
660,2071,123,16,64,110270564828920512,2031,76,2050,164
660,2080,172,0,16,110270564828571184,2041,104,2051,127
660,2081,141,0,-16,110270564828571184,2041,104,2051,127
662,2080,134,48,0,110270564835492624,2031,53,2060,60
666,2081,121,-32,-16,110270564848116496,2031,24,2051,97
668,2071,17,16,80,110270564854416880,2030,65,2050,49
669,2080,108,0,-16,110270564857340384,2030,131,2051,82
670,2070,174,16,16,110270564860661456,2030,62,2060,37
670,2071,177,16,32,110270564860661456,2030,62,2060,37
670,2081,145,0,-16,110270564860641696,2031,19,2060,36
671,2080,149,-80,0,110270564863395600,2040,76,2051,17
671,2081,63,-80,16,110270564863395600,2040,76,2051,17
675,2080,271,-16,0,110270564876089264,2031,296,2050,322
675,2081,346,-16,-16,110270564876089264,2031,296,2050,322
677,2080,155,-16,0,110270564882004016,2040,110,2061,55
678,2070,145,16,32,110270564885405344,2041,131,2061,38
679,2081,119,-64,-16,110270564888885632,2040,39,2050,56
680,2070,115,-64,96,110270564891788240,2031,86,2050,133
680,2071,65,-64,80,110270564891788240,2031,86,2050,133
680,2081,57,-32,-16,110270564891976672,2041,77,2051,27
682,2080,39,0,0,110270564898145488,2041,87,2051,20
682,2080,42,32,-48,110270564898291248,2030,146,2061,152
682,2081,96,-32,-32,110270564897998080,2030,136,2061,149
682,2081,106,32,-32,110270564898291248,2030,146,2061,152
683,2070,143,16,32,110270564900853920,2030,156,2061,146
683,2070,144,0,32,110270564900914752,2041,123,2060,75
683,2080,51,32,0,110270564900914752,2031,89,2060,75
683,2081,27,-16,0,110270564900914752,2031,89,2050,39
686,2070,78,-80,0,110270564910286256,2040,69,2061,156
686,2071,90,-80,16,110270564910286256,2040,69,2061,156
686,2071,94,16,64,110270564910776288,2030,172,2051,111
686,2080,141,16,32,110270564910406624,2041,59,2051,108
686,2081,117,16,32,110270564910406624,2041,59,2051,108
687,2080,290,-112,224,110270564913461600,2030,274,2051,303
687,2080,298,64,0,110270564913704560,2031,263,2061,350
688,2080,78,0,-32,110270564916577024,2040,5,2050,95
688,2080,85,64,0,110270564916973552,2030,123,2060,73
688,2081,48,16,0,110270564916577024,2041,15,2060,69
688,2081,56,64,0,110270564916973552,2030,123,2060,73
689,2071,61,-32,112,110270564919848368,2040,21,2050,103
689,2080,119,-96,80,110270564919983376,2040,24,2051,77
689,2080,120,16,64,110270564919999920,2040,25,2061,135
689,2081,93,-96,96,110270564919983376,2040,24,2051,77
690,2081,121,-48,16,110270564923000992,2040,38,2050,139
693,2080,52,48,64,110270564932265648,2030,80,2061,67
693,2080,60,16,48,110270564932609776,2031,100,2050,34
693,2081,130,48,16,110270564932265648,2030,80,2061,67
694,2080,118,16,-32,110270564935475200,2031,57,2051,46
694,2081,176,16,-32,110270564935475200,2031,57,2051,46
695,2070,85,48,80,110270564938968048,2030,41,2060,118
697,2080,69,32,0,110270564945170656,2040,110,2060,170
699,2080,37,-80,96,110270564951499504,2031,89,2060,71
702,2080,246,-16,-96,110270564961173040,2030,291,2051,260
703,2080,80,-48,32,110270564964314672,2030,107,2051,60
703,2080,83,-16,0,110270564964398064,2031,34,2061,40
703,2081,140,-48,0,110270564964314672,2030,107,2051,60
703,2081,143,16,0,110270564964398064,2040,95,2061,40
704,2080,75,32,-48,110270564967236144,2031,109,2061,18
705,2080,61,32,32,110270564970599680,2030,88,2060,114
705,2081,97,32,16,110270564970599680,2030,88,2060,114
706,2080,90,-16,0,110270564973505648,2040,63,2061,20
706,2081,39,0,-16,110270564973262208,2040,54,2050,73
706,2081,44,48,16,110270564973505648,2031,119,2061,20
709,2071,20,80,80,110270564982770240,2040,61,2060,24
711,2080,114,32,0,110270564989350688,2030,34,2060,81
711,2081,44,32,0,110270564989350688,2030,34,2060,81
715,2080,64,-32,-64,110270565001751600,2040,20,2060,99
715,2080,65,144,176,110270565001823936,2030,130,2061,44
715,2081,121,-32,-16,110270565001751600,2040,20,2060,99
715,2081,123,144,208,110270565001823936,2030,130,2061,44
716,2071,148,0,48,110270565004748896,2040,28,2050,43
718,2071,151,16,64,110270565011240960,2041,94,2051,84
719,2070,132,0,32,110270565014252624,2040,117,2060,77
719,2080,53,-48,0,110270565014252624,2040,117,2051,43
719,2081,144,-48,-16,110270565014252624,2040,117,2051,43
719,2081,147,-64,16,110270565014410800,2030,160,2050,71
721,2071,160,-96,96,110270565020725632,2030,153,2060,13
722,2081,119,-32,16,110270565024073072,2031,47,2061,106
723,2070,99,64,160,110270565027200592,2030,23,2050,51
728,2080,161,-16,0,110270565043078944,2040,128,2061,149
729,2071,137,-96,224,110270565046181712,2040,41,2051,121
732,2080,267,0,-16,110270565055152960,2040,289,2051,257
733,2070,144,0,80,110270565058375968,2040,130,2050,180
733,2080,152,-16,0,110270565058178752,2040,121,2051,42
733,2080,153,-32,0,110270565058222000,2040,125,2050,175
733,2081,56,-16,-16,110270565058178752,2040,121,2051,42
735,2080,111,0,48,110270565064531600,2041,99,2051,42
735,2080,114,-16,48,110270565064626608,2031,56,2050,134
735,2081,30,-16,32,110270565064626608,2031,56,2050,134
738,2081,25,64,-48,110270565074217152,2030,70,2050,156
740,2080,100,-48,-32,110270565080072368,2031,66,2050,32
740,2081,152,-48,-16,110270565080072368,2031,66,2050,32
741,2071,136,32,64,110270565083331760,2030,17,2060,99
743,2080,100,0,-16,110270565089754352,2031,26,2061,69
743,2081,129,0,-16,110270565089754352,2030,14,2051,113
744,2070,100,-64,32,110270565092985184,2041,55,2060,79
744,2080,130,-80,160,110270565092839392,2031,66,2061,147
744,2081,21,-80,144,110270565092839392,2031,66,2061,147
747,2071,22,0,32,110270565102044720,2031,129,2051,56
748,2071,117,-32,96,110270565105068592,2041,86,2051,53
750,2080,358,16,-32,110270565111816288,2031,311,2050,339
750,2080,360,0,0,110270565111848016,2041,246,2050,341
750,2081,276,0,-16,110270565111848016,2041,246,2050,341
751,2070,177,-64,144,110270565114593984,2031,79,2051,27
753,2071,145,0,32,110270565121364704,2031,95,2061,24
753,2080,76,64,-32,110270565121666880,2040,49,2060,90
753,2081,110,64,-48,110270565121666880,2040,49,2060,90
755,2080,106,-144,0,110270565127491264,2041,135,2051,122
755,2080,109,-112,-48,110270565127538912,2040,30,2051,124
755,2081,167,-144,-16,110270565127491264,2041,135,2051,122
755,2081,170,-112,-64,110270565127538912,2040,30,2051,124
758,2080,59,-48,16,110270565136917968,2030,137,2051,19
758,2081,122,32,-16,110270565136917952,2030,137,2061,6
759,2081,157,-32,0,110270565140195536,2030,115,2050,64
760,2080,288,32,0,110270565143428976,2040,257,2060,341
760,2081,216,32,-32,110270565143428976,2040,257,2060,341
763,2080,135,-48,-48,110270565152760752,2040,54,2061,116
763,2081,92,-160,32,110270565152760752,2040,54,2050,122
765,2080,62,160,144,110270565158905984,2041,157,2050,45
765,2081,142,160,160,110270565158905984,2041,157,2050,45
766,2070,104,80,96,110270565162228288,2030,73,2051,129
767,2070,86,0,64,110270565165090416,2040,94,2050,107
767,2080,127,0,16,110270565165255344,2031,52,2051,20
767,2081,149,0,-16,110270565165255344,2031,52,2051,20
767,2081,158,64,48,110270565165579056,2041,45,2051,30
769,2071,9,-32,80,110270565171719472,2030,119,2060,60
769,2080,34,-32,0,110270565171887728,2040,135,2051,19
770,2080,118,-112,16,110270565174650240,2040,41,2050,63
770,2081,134,-112,16,110270565174650240,2040,41,2050,63
772,2070,152,16,96,110270565180896240,2030,12,2050,25
772,2071,154,16,64,110270565180896240,2030,12,2050,25
774,2070,97,48,48,110270565187514208,2040,59,2060,129
774,2071,151,48,48,110270565187514208,2040,59,2060,129
774,2081,138,32,96,110270565187252128,2030,25,2060,123
776,2070,32,-32,96,110270565193313344,2030,43,2050,57
776,2071,39,-32,64,110270565193313344,2030,43,2050,57
776,2080,105,-48,64,110270565193425248,2030,47,2050,58
777,2070,97,-16,32,110270565196742624,2031,62,2051,126
777,2080,115,-32,-16,110270565196714000,2031,60,2051,125
777,2081,140,-32,-32,110270565196714000,2031,60,2051,125
778,2080,58,128,96,110270565199815392,2041,94,2050,49
778,2080,60,0,-16,110270565199849616,2041,95,2050,51
778,2081,134,128,32,110270565199815392,2041,94,2050,49
778,2081,136,0,-16,110270565199849616,2041,95,2050,51
782,2071,154,0,48,110270565212479040,2030,117,2051,20
782,2080,60,16,0,110270565212362400,2031,40,2061,10
782,2081,142,16,-32,110270565212362400,2031,40,2061,10
786,2080,97,0,-96,110270565224958144,2030,3,2051,79
786,2081,145,0,-80,110270565224958144,2030,3,2051,79
786,2081,152,-160,-32,110270565225218832,2041,118,2061,69
789,2080,70,-32,-32,110270565234139392,2040,150,2061,102
789,2080,72,-32,48,110270565234186912,2040,151,2051,60
789,2081,127,-32,-32,110270565234139392,2040,150,2061,102
789,2081,133,16,-16,110270565234280432,2040,155,2060,44
790,2070,111,-32,64,110270565237557312,2030,128,2050,41
790,2071,136,-32,64,110270565237557312,2030,128,2050,41
791,2071,91,-16,48,110270565240847568,2030,80,2061,99
791,2080,149,16,-128,110270565240524992,2031,33,2050,50
791,2080,150,-32,-64,110270565240565664,2041,123,2051,165
791,2081,176,16,-128,110270565240524992,2031,33,2050,50
793,2080,70,-64,-48,110270565246680096,2040,113,2051,54
794,2080,96,-16,16,110270565250242240,2040,73,2051,104
794,2081,17,-16,0,110270565250242240,2040,73,2051,104
796,2080,57,16,0,110270565256107680,2041,134,2050,75
796,2081,144,16,0,110270565256107680,2041,134,2050,75
797,2070,74,-96,48,110270565259522784,2040,40,2061,86
798,2080,123,48,-16,110270565262853168,2040,49,2061,160
798,2080,125,16,-64,110270565262887568,2030,58,2050,149
798,2081,32,-48,16,110270565262853168,2040,49,2051,92
798,2081,33,16,-64,110270565262887568,2030,58,2050,149
799,2071,133,32,48,110270565265982848,2030,111,2060,92
800,2080,57,0,0,110270565268834144,2041,103,2051,41
800,2081,126,16,0,110270565268913216,2031,90,2050,13
801,2071,30,48,-160,110270565272117360,2031,96,2060,104
802,2080,124,64,-32,110270565274963984,2041,81,2051,94
802,2080,125,16,-48,110270565275126416,2040,105,2060,74
802,2081,20,64,-32,110270565274963984,2041,81,2051,94
803,2081,176,0,-48,110270565278321392,2031,85,2051,127
804,2081,98,-32,-16,110270565281230512,2030,110,2050,23
805,2081,138,0,0,110270565284478880,2030,146,2051,12
806,2080,71,16,-32,110270565287486736,2041,88,2060,47
807,2080,84,0,-144,110270565290590528,2031,112,2050,70
807,2081,37,0,-80,110270565290590528,2031,112,2050,70
810,2070,113,32,80,110270565300869792,2041,59,2050,151
810,2071,167,32,64,110270565300869792,2041,59,2050,151
810,2080,158,-16,-32,110270565300679360,2040,101,2051,132
810,2080,161,-48,0,110270565300922848,2041,60,2051,137
810,2081,89,-16,-32,110270565300679360,2040,101,2051,132
810,2081,92,-32,0,110270565300922848,2041,60,2050,153
811,2080,126,-96,-16,110270565303885056,2041,22,2050,114
811,2081,65,-96,-16,110270565303885056,2041,22,2050,114
812,2080,40,0,0,110270565306737040,2040,128,2051,4
812,2081,80,32,16,110270565306737040,2031,32,2050,64
813,2070,120,-16,64,110270565309986336,2031,73,2050,150
815,2070,120,16,80,110270565316289680,2031,142,2060,128
816,2070,155,-80,128,110270565319606048,2031,37,2060,18
816,2071,167,-80,128,110270565319606048,2031,37,2060,18
816,2080,127,-16,-64,110270565319225456,2041,93,2051,113
816,2080,131,-32,0,110270565319731280,2040,151,2050,56
816,2081,162,-16,-64,110270565319225456,2041,93,2051,113
816,2081,165,-32,-64,110270565319731280,2040,151,2050,56
817,2080,51,144,32,110270565322392320,2030,106,2060,80
817,2081,144,144,32,110270565322392320,2030,106,2060,80
818,2081,103,32,0,110270565325571904,2041,77,2060,116
820,2080,163,-160,32,110270565332080176,2031,47,2051,135
820,2081,184,-160,16,110270565332080176,2031,47,2051,135
822,2070,144,0,48,110270565338167376,2031,126,2051,74
822,2071,165,0,48,110270565338167376,2031,126,2051,74
824,2081,135,-32,-32,110270565344652400,2031,55,2051,83
827,2080,98,16,16,110270565353801200,2030,68,2050,54
828,2080,149,-32,16,110270565356798496,2031,72,2061,124
828,2081,22,-32,0,110270565356798496,2031,72,2061,124
828,2081,31,16,-16,110270565357081280,2031,80,2051,97
829,2071,144,-112,144,110270565359787520,2040,18,2051,136
829,2081,87,-16,-16,110270565359972640,2040,22,2060,46
830,2071,158,0,64,110270565363496144,2030,33,2050,61
830,2080,124,96,-128,110270565363107488,2031,81,2060,67
830,2080,125,-112,96,110270565363216608,2040,39,2050,52
830,2081,92,96,-128,110270565363107488,2031,81,2060,67
830,2081,94,-112,144,110270565363216608,2040,39,2050,52
831,2080,143,-144,16,110270565366626768,2031,53,2051,149
831,2081,110,-144,16,110270565366626768,2031,53,2051,149
832,2080,132,48,112,110270565369380368,2041,175,2051,42
832,2081,157,48,32,110270565369380368,2041,175,2051,42
833,2070,156,0,96,110270565372370848,2030,59,2050,41
833,2070,159,16,112,110270565372801904,2030,71,2050,54
833,2071,176,16,96,110270565372801904,2030,71,2050,54
835,2080,135,-48,-32,110270565378762048,2041,146,2050,37
837,2070,158,48,16,110270565385168544,2030,126,2060,22
837,2071,96,64,80,110270565384993808,2040,82,2060,19
838,2071,39,32,48,110270565387928112,2030,28,2060,56
842,2080,118,-144,16,110270565400715632,2031,40,2051,79
842,2081,23,80,-64,110270565400970288,2030,35,2060,58
844,2081,126,0,0,110270565407359168,2040,33,2050,164
848,2080,111,32,-96,110270565419723872,2040,35,2061,123
848,2081,173,32,-48,110270565419723872,2040,35,2061,123
850,2080,66,-96,64,110270565425867584,2040,85,2051,32
850,2080,70,-16,0,110270565425911152,2040,87,2050,53
850,2081,22,16,0,110270565425911152,2040,87,2060,98
851,2080,120,-64,-96,110270565429035136,2040,23,2051,87
851,2081,96,-64,-96,110270565429035136,2040,23,2051,87
852,2070,113,-48,80,110270565432002848,2030,73,2060,24
853,2080,270,-32,16,110270565435556512,2040,337,2051,281
854,2071,58,0,48,110270565438163888,2030,103,2051,70
855,2081,140,-64,32,110270565441343648,2040,94,2050,52
856,2080,121,32,0,110270565444437168,2041,89,2060,32
856,2080,127,32,0,110270565444665408,2031,21,2060,34
856,2080,128,-96,32,110270565444733952,2040,46,2051,140
856,2081,144,48,0,110270565444437168,2030,71,2060,32
856,2081,151,-32,-16,110270565444665408,2041,94,2060,34
858,2080,115,0,80,110270565451123760,2041,79,2061,90
859,2080,154,-32,0,110270565453843600,2031,32,2051,81
859,2081,71,-32,16,110270565453843600,2031,32,2051,81
859,2081,72,64,64,110270565453858464,2040,57,2051,82
861,2080,121,16,-32,110270565460477712,2030,135,2060,20
862,2071,76,32,96,110270565463493696,2030,36,2060,52
862,2080,95,32,0,110270565463502928,2031,64,2061,148
862,2080,101,32,0,110270565463717776,2040,135,2060,56
862,2081,10,0,-16,110270565463502928,2040,130,2061,148
864,2070,87,32,80,110270565470066208,2040,15,2051,9
864,2070,88,-32,80,110270565470120784,2031,27,2060,44
864,2071,125,32,48,110270565470066208,2040,15,2051,9
865,2081,141,32,0,110270565473048352,2030,158,2050,130
867,2080,157,-48,-48,110270565479105872,2040,104,2050,145
867,2080,158,-64,-64,110270565479119952,2041,48,2051,130
867,2081,35,-48,-48,110270565479105872,2040,104,2050,145
867,2081,38,0,0,110270565479216880,2041,52,2060,78
869,2080,81,16,-112,110270565485670544,2030,12,2050,107
869,2081,117,16,-144,110270565485670544,2030,12,2050,107
871,2080,74,-160,-32,110270565491740224,2030,51,2061,31
871,2081,115,-160,-32,110270565491740224,2030,51,2061,31
872,2080,73,0,0,110270565495267056,2031,127,2060,104
872,2081,25,-32,0,110270565495267056,2031,127,2051,36
872,2081,26,-80,-48,110270565495286736,2041,53,2060,106
874,2080,76,-16,32,110270565501023808,2031,94,2061,19
877,2071,29,0,96,110270565511040208,2031,131,2051,54
878,2080,106,16,0,110270565513834160,2031,36,2061,7
878,2081,132,32,-48,110270565513933888,2030,61,2060,24
879,2070,148,0,80,110270565516865472,2031,101,2050,36
880,2080,95,16,-96,110270565520299616,2041,137,2061,177
880,2081,112,16,-112,110270565520299616,2041,137,2061,177
881,2070,76,16,80,110270565523131440,2030,58,2050,39
881,2070,79,16,0,110270565523454544,2041,86,2060,113
881,2071,51,16,80,110270565523131440,2030,58,2050,39
881,2071,54,16,0,110270565523454544,2041,86,2060,113
882,2070,46,0,64,110270565526333872,2040,15,2050,105
882,2071,122,0,48,110270565526333872,2040,15,2050,105
882,2080,148,-32,32,110270565526428000,2040,19,2051,135
882,2081,78,-32,16,110270565526428000,2040,19,2051,135
883,2070,79,-16,80,110270565529490064,2031,44,2050,91
883,2071,23,-16,96,110270565529490064,2031,44,2050,91
883,2081,121,16,-64,110270565529657344,2040,74,2060,57
888,2071,170,64,128,110270565545085376,2031,77,2050,135
888,2071,171,16,80,110270565545140512,2031,78,2051,10
888,2080,103,16,-16,110270565545030240,2041,47,2061,37
888,2080,104,0,112,110270565545043344,2040,22,2050,132
888,2080,108,-16,-32,110270565545186352,2031,80,2050,140
888,2081,176,-16,0,110270565545186352,2031,80,2050,140
891,2080,86,0,-16,110270565554519744,2030,1,2051,47
891,2081,136,0,-16,110270565554519744,2030,1,2051,47
892,2081,103,64,-48,110270565558102864,2030,55,2060,78
893,2070,69,0,48,110270565561481856,2041,56,2060,33
893,2081,87,0,32,110270565561230848,2030,103,2061,155
896,2080,123,16,0,110270565570778544,2030,72,2051,106
896,2081,43,-32,16,110270565570778544,2040,96,2051,106
897,2071,194,16,48,110270565574192608,2030,37,2060,125
897,2081,73,16,0,110270565573667152,2031,95,2051,60
898,2080,102,16,0,110270565577454192,2031,68,2051,82
898,2081,23,16,0,110270565577454192,2031,68,2051,82
900,2070,184,48,96,110270565583288384,2030,79,2050,31
900,2071,148,48,96,110270565583288384,2030,79,2050,31
900,2071,149,0,96,110270565583365008,2031,65,2050,36
900,2080,129,-16,-16,110270565583524240,2040,94,2050,43
900,2081,161,32,0,110270565583524240,2040,94,2061,142
901,2080,70,-32,-64,110270565586246736,2041,118,2051,53
901,2081,136,-32,-16,110270565586246736,2041,118,2051,53
901,2081,140,64,-16,110270565586648928,2030,116,2060,104
902,2080,83,-128,-16,110270565589864544,2040,47,2050,65
904,2071,76,-32,0,110270565596065744,2040,132,2060,39
906,2070,138,0,64,110270565602194448,2041,118,2061,9
909,2070,52,16,32,110270565612058112,2030,43,2061,94
909,2071,30,16,64,110270565612058112,2030,43,2061,94
912,2071,20,-64,112,110270565621205984,2040,105,2051,29
913,2071,71,-64,64,110270565623971968,2030,166,2061,73
913,2080,97,-16,-48,110270565624094624,2031,56,2051,15
913,2081,24,-16,-48,110270565624094624,2031,56,2051,15
916,2070,88,0,32,110270565633683568,2030,144,2060,72
916,2080,121,32,0,110270565633332272,2030,138,2060,66
916,2081,92,-16,-16,110270565633332272,2030,138,2050,104
918,2080,95,144,-48,110270565639982016,2030,169,2050,38
918,2080,99,16,-16,110270565640179024,2031,62,2061,177
918,2081,157,16,-16,110270565640179024,2031,62,2061,177
919,2080,115,0,48,110270565643286432,2030,49,2050,102
919,2081,154,0,16,110270565643286432,2030,49,2050,102
921,2080,100,144,-80,110270565649111552,2041,120,2051,107
921,2081,31,144,-80,110270565649111552,2041,120,2051,107
925,2070,169,16,16,110270565661647360,2031,95,2050,63
925,2080,49,-16,16,110270565661884336,2030,122,2050,70
925,2081,31,-16,0,110270565661884336,2030,122,2050,70
926,2070,164,-16,0,110270565664870768,2030,175,2060,102
926,2071,27,-16,48,110270565664870768,2030,175,2060,102
926,2071,29,0,48,110270565665075488,2030,178,2060,107
928,2080,120,48,-160,110270565671430352,2030,163,2060,76
929,2080,115,80,32,110270565674274592,2030,56,2060,142
929,2081,41,80,0,110270565674274592,2030,56,2060,142
931,2080,108,-32,-64,110270565680911568,2040,92,2061,141
931,2081,153,-32,-80,110270565680911568,2040,92,2061,141
932,2071,158,16,32,110270565684053296,2030,58,2060,48
932,2081,125,32,-16,110270565683605312,2040,142,2050,96
936,2080,121,112,-160,110270565696265408,2031,58,2060,69
936,2080,122,-32,-112,110270565696301648,2030,44,2050,110
936,2081,135,-32,-112,110270565696301648,2030,44,2050,110
938,2081,24,-112,-160,110270565702981920,2030,101,2060,141
939,2080,123,-64,-48,110270565705805344,2030,141,2050,110
939,2080,133,128,32,110270565706318464,2040,68,2060,59
939,2081,101,-64,-48,110270565705805344,2030,141,2050,110
940,2080,148,-64,0,110270565709301232,2040,114,2051,17
940,2081,89,-64,16,110270565709301232,2040,114,2051,17
941,2080,82,-160,-64,110270565712293552,2031,161,2051,62
941,2080,84,-32,0,110270565712537968,2041,134,2051,67
941,2081,90,-160,0,110270565712293552,2031,161,2051,62
941,2081,95,-32,-16,110270565712537968,2041,134,2051,67
942,2080,90,-64,0,110270565715519824,2030,118,2051,77
942,2081,105,-80,-16,110270565715519824,2030,118,2050,45
944,2071,159,-32,48,110270565721754432,2041,127,2060,22
944,2080,98,-16,0,110270565721695776,2031,37,2051,109
944,2080,100,64,0,110270565721883472,2030,154,2060,26
945,2080,117,48,-80,110270565724884960,2041,129,2060,54
945,2081,156,48,-96,110270565724884960,2041,129,2060,54
946,2070,168,32,48,110270565727875776,2031,44,2060,62
946,2071,170,32,48,110270565727875776,2031,44,2060,62
949,2080,140,-64,32,110270565737193120,2031,50,2051,119
949,2081,131,-64,48,110270565737193120,2031,50,2051,119
951,2070,149,48,80,110270565743646768,2030,187,2060,44
951,2080,109,0,0,110270565743776304,2030,192,2050,33
955,2070,150,0,32,110270565756518720,2031,52,2060,67
955,2070,151,32,48,110270565756547136,2030,180,2061,11
955,2071,185,32,48,110270565756547136,2030,180,2061,11
956,2070,108,0,48,110270565759177360,2030,26,2050,98
956,2070,109,16,80,110270565759238176,2031,57,2050,99
956,2071,22,0,64,110270565759177360,2030,26,2050,98
958,2080,151,0,-48,110270565765916160,2041,178,2060,107
961,2071,28,48,64,110270565774931952,2031,110,2060,96
962,2080,102,-32,-64,110270565778480496,2040,83,2051,33
962,2081,4,-64,0,110270565778344160,2031,55,2050,124
962,2081,10,-32,-48,110270565778480496,2040,83,2051,33
963,2080,164,48,-32,110270565781304560,2030,68,2060,103
963,2080,165,-32,-16,110270565781331728,2031,90,2061,34
963,2081,26,-32,-16,110270565781331728,2031,90,2061,34
964,2070,102,0,64,110270565784723616,2030,141,2050,83
965,2081,22,-32,16,110270565787417280,2031,33,2061,161
965,2081,27,0,-16,110270565787729872,2040,75,2050,148
966,2080,135,-16,0,110270565790517600,2040,56,2051,10
966,2081,31,-16,-16,110270565790517600,2031,85,2061,25
968,2080,87,-16,-80,110270565797072912,2031,57,2050,36
971,2080,116,16,0,110270565806049712,2040,90,2060,45
971,2081,77,32,0,110270565806049712,2031,59,2060,45
974,2070,88,16,64,110270565815787968,2030,35,2051,148
974,2080,127,32,80,110270565815592160,2041,91,2050,47
975,2081,77,-48,32,110270565818640320,2040,31,2050,178
976,2080,341,-80,32,110270565821932080,2031,392,2050,369
976,2081,299,-80,16,110270565821932080,2031,392,2050,369
977,2080,58,160,-48,110270565824941872,2030,128,2051,14
977,2081,159,160,-48,110270565824941872,2030,128,2051,14
978,2080,56,48,0,110270565828004192,2040,33,2060,84
979,2080,93,32,-48,110270565831419408,2040,16,2060,72
980,2080,112,64,16,110270565834277104,2030,161,2060,57
980,2080,115,-64,0,110270565834514336,2040,77,2051,35
980,2080,118,-48,48,110270565834600048,2041,138,2051,38
980,2081,145,64,16,110270565834277104,2030,161,2060,57
980,2081,151,-32,-16,110270565834514336,2040,77,2060,64
983,2080,92,16,-48,110270565844044416,2030,168,2050,116
983,2080,99,16,-16,110270565844284544,2041,143,2050,119
983,2080,106,-48,16,110270565844478672,2031,91,2050,125
983,2081,47,16,-16,110270565844284544,2041,143,2050,119
983,2081,55,-48,-80,110270565844478672,2031,91,2050,125
985,2080,87,-64,-32,110270565850776176,2030,170,2050,103
986,2081,151,-144,48,110270565853956416,2030,72,2051,125
987,2080,117,16,0,110270565856896128,2030,55,2050,98
987,2081,166,-16,0,110270565856896128,2030,55,2051,128
988,2080,137,16,-144,110270565860253744,2040,73,2060,37
988,2081,93,16,-144,110270565860253744,2040,73,2060,37
988,2081,96,-64,-48,110270565860300560,2040,75,2050,128
990,2071,158,-32,48,110270565866276384,2030,147,2050,39
990,2071,160,48,48,110270565866595840,2041,102,2060,89
990,2080,53,80,16,110270565866490320,2030,152,2051,29
990,2081,107,16,-16,110270565866213088,2040,125,2061,11
990,2081,113,32,-32,110270565866642736,2030,157,2061,16
991,2080,122,0,-48,110270565869543168,2041,68,2061,139
991,2081,158,0,-80,110270565869543168,2041,68,2061,139
992,2071,71,-16,48,110270565872331552,2030,29,2060,76
992,2071,72,-48,16,110270565872437280,2040,57,2061,17
997,2070,185,0,48,110270565888429792,2030,34,2050,87
997,2081,40,-32,0,110270565888074464,2031,53,2051,128
998,2080,89,0,0,110270565891427168,2040,138,2061,116
998,2080,91,-48,32,110270565891712768,2030,37,2051,76
998,2081,60,0,64,110270565891427168,2040,138,2061,116
998,2081,64,-48,16,110270565891712768,2030,37,2051,76
1000,2080,111,-112,16,110270565897471808,2031,60,2051,94
1000,2081,75,-112,16,110270565897471808,2031,60,2051,94
1003,2080,126,0,-96,110270565907354960,2030,32,2050,57
1003,2081,138,-16,-128,110270565907347136,2040,43,2060,66
1003,2081,139,0,-112,110270565907354960,2030,32,2050,57
1005,2080,34,16,-48,110270565913520048,2031,74,2060,61
1005,2081,90,16,-16,110270565913520048,2031,74,2060,61
1007,2070,116,0,48,110270565919437232,2031,61,2050,140
1009,2070,121,16,-32,110270565926038976,2040,68,2050,54
1010,2070,104,0,48,110270565929454592,2040,32,2050,143
1010,2071,161,0,48,110270565929454592,2040,32,2050,143
1011,2071,145,0,48,110270565932505424,2030,98,2050,18
1011,2071,146,16,16,110270565932783312,2030,102,2061,10
1014,2080,132,64,16,110270565941907904,2031,26,2060,36
1014,2081,51,64,16,110270565941907904,2031,26,2060,36
1014,2081,59,0,16,110270565942178960,2031,30,2050,157
1016,2080,89,0,32,110270565948169456,2040,25,2061,139
1018,2070,125,64,64,110270565954481552,2040,52,2060,41
1018,2070,126,-80,64,110270565954591968,2030,85,2061,174
1018,2071,17,64,64,110270565954481552,2040,52,2060,41
1018,2071,18,-80,48,110270565954591968,2030,85,2061,174
1019,2080,51,0,-64,110270565957531232,2040,106,2060,81
1021,2071,193,0,64,110270565963889216,2041,109,2061,184
1021,2081,40,-16,0,110270565963966640,2031,134,2051,154
1022,2071,131,-80,48,110270565966703968,2041,54,2061,134
1022,2080,113,-80,-160,110270565966703968,2041,54,2061,134
1022,2081,64,-80,-144,110270565966703968,2041,54,2061,134
1023,2070,179,16,-32,110270565970164384,2030,140,2060,80
1023,2081,130,-64,0,110270565970164384,2030,140,2050,70
1024,2080,129,80,-16,110270565973066128,2030,44,2060,68
1024,2081,152,-48,16,110270565973066128,2030,44,2050,54
1024,2081,160,-16,-64,110270565973392608,2031,84,2051,146
1026,2080,97,-48,0,110270565979735600,2040,28,2051,79
1026,2081,141,16,-16,110270565979724768,2030,116,2060,53
1026,2081,142,-48,-16,110270565979735600,2040,28,2051,79
1027,2070,104,32,48,110270565982814000,2030,86,2061,75
1029,2080,130,0,0,110270565989510528,2041,93,2061,103
1029,2081,159,-32,-16,110270565989487504,2040,63,2060,36
1029,2081,160,32,0,110270565989510528,2031,23,2061,103
1030,2070,126,16,144,110270565992244880,2031,32,2050,75
1030,2071,16,16,112,110270565992244880,2031,32,2050,75
1030,2081,48,-16,0,110270565992232496,2041,130,2060,19
1031,2080,144,-16,-16,110270565995878288,2031,79,2060,92
1034,2080,113,48,16,110270566004952912,2040,23,2051,96
1034,2081,142,-16,0,110270566005041552,2030,83,2050,37
1035,2080,127,112,80,110270566008173488,2040,12,2060,84
1035,2081,143,112,48,110270566008173488,2040,12,2060,84
1036,2081,229,-16,0,110270566010987504,2030,213,2050,298
1037,2080,81,-96,64,110270566014508096,2041,109,2051,67
1037,2081,117,-16,16,110270566014190320,2030,92,2050,34
1039,2071,150,16,64,110270566020672144,2030,135,2051,28
1040,2080,78,32,0,110270566024066720,2031,119,2050,91
1040,2081,62,32,16,110270566024066720,2031,119,2050,91
1042,2071,141,-112,32,110270566030073776,2041,128,2060,56
1042,2080,111,-48,16,110270566030309248,2040,47,2051,91
1042,2081,156,-48,-16,110270566030309248,2040,47,2051,91
1043,2070,150,160,224,110270566033282368,2040,25,2051,54
1043,2080,71,160,0,110270566033282368,2040,25,2051,54
1043,2081,154,16,0,110270566033106688,2030,114,2061,76
1045,2070,166,16,64,110270566039418336,2041,97,2050,63
1045,2080,127,-16,0,110270566039687232,2031,54,2051,147
1045,2081,200,-64,-16,110270566039488816,2040,192,2050,65
1045,2081,205,-16,0,110270566039687232,2031,54,2051,147
1046,2071,172,0,64,110270566042860864,2040,107,2050,121
1046,2080,122,0,-16,110270566042299264,2040,93,2060,158
1046,2080,131,-80,48,110270566042602992,2030,34,2060,164
1046,2081,69,-32,0,110270566042299264,2040,93,2051,58
1047,2080,122,0,-32,110270566045886560,2030,56,2050,67
1047,2081,42,0,-48,110270566045886560,2030,56,2050,67
1048,2080,72,-112,32,110270566048643264,2031,94,2050,44
1048,2081,106,0,-16,110270566048643264,2031,94,2060,82
1051,2070,76,48,48,110270566057903296,2030,124,2060,147
1051,2071,136,-32,80,110270566057909920,2030,125,2060,148
1051,2080,106,0,32,110270566057969760,2040,26,2050,94
1054,2070,151,0,48,110270566067282064,2040,117,2061,71
1059,2071,20,16,-160,110270566082988016,2030,154,2051,118
1060,2070,43,16,48,110270566086592432,2030,33,2060,80
1060,2080,153,32,0,110270566086367680,2030,29,2061,121
1060,2081,114,-32,0,110270566086625408,2040,13,2050,140
1062,2071,159,16,32,110270566092308016,2041,138,2060,104
1062,2080,176,-32,32,110270566092717184,2040,134,2050,199
1062,2081,69,-32,16,110270566092717184,2040,134,2050,199
1063,2081,267,-112,-160,110270566095992144,2040,318,2051,342
1064,2081,126,64,32,110270566098566432,2041,109,2050,58
1064,2081,129,0,-16,110270566098648224,2040,38,2050,59
1069,2080,189,160,0,110270566114461328,2040,144,2050,171
1071,2080,125,-64,-16,110270566120839792,2031,38,2061,13
1074,2070,119,32,64,110270566130861936,2031,81,2060,62
1074,2071,9,16,48,110270566130949136,2040,149,2051,18
1075,2080,118,0,0,110270566133561904,2040,75,2051,35
1075,2080,130,0,-16,110270566133987120,2030,66,2061,33
1075,2081,53,32,-16,110270566133987120,2031,102,2061,33
1076,2070,136,0,32,110270566137051392,2040,52,2061,23
1077,2081,134,16,16,110270566140252976,2030,98,2061,64
1078,2080,81,128,144,110270566143101520,2031,127,2060,139
1078,2081,53,128,128,110270566143101520,2031,127,2060,139
1079,2080,39,-48,-32,110270566146476624,2030,98,2051,33
1080,2080,121,32,-32,110270566149175648,2030,43,2051,75
1080,2081,60,32,32,110270566149175648,2030,43,2051,75
1080,2081,69,-32,64,110270566149534976,2031,23,2061,91
1081,2071,11,0,32,110270566152310496,2041,94,2060,124
1081,2081,119,-64,-32,110270566152741472,2040,55,2050,73
1084,2081,184,48,-32,110270566162207040,2030,55,2051,172
1085,2071,67,-32,96,110270566164795632,2040,54,2051,70
1087,2071,32,32,144,110270566171452320,2030,123,2051,108
1088,2070,125,0,48,110270566174684480,2031,89,2050,145
1089,2070,149,16,80,110270566177779440,2031,54,2050,144
1089,2081,38,-48,16,110270566177678304,2040,169,2050,143
1090,2070,138,-16,48,110270566181243824,2030,23,2060,65
1091,2080,51,0,-16,110270566184329584,2031,75,2051,28
1091,2081,108,0,-16,110270566184329584,2031,75,2051,28
1092,2080,90,128,-16,110270566187423680,2030,106,2060,56
1092,2081,126,128,-48,110270566187423680,2030,106,2060,56
1093,2070,79,16,32,110270566190472368,2030,42,2060,164
1093,2071,9,16,48,110270566190472368,2030,42,2060,164
1093,2081,71,-16,0,110270566190824448,2031,187,2050,120
1096,2081,44,16,-16,110270566200106928,2040,56,2061,145
1097,2080,100,0,-32,110270566202940816,2041,130,2050,119
1097,2080,107,0,-48,110270566203156448,2041,138,2050,125
1097,2081,66,0,-48,110270566202940816,2041,130,2050,119
1097,2081,71,0,-48,110270566203156448,2041,138,2050,125
1100,2070,104,80,64,110270566212527360,2030,45,2061,13
1101,2070,79,0,64,110270566215463408,2030,125,2051,39
1101,2071,31,0,48,110270566215463408,2030,125,2051,39
1101,2081,115,0,-16,110270566215538960,2040,23,2051,40
1102,2080,85,80,-64,110270566219017184,2040,99,2060,37
1102,2081,102,-128,192,110270566218602032,2030,112,2050,16
1102,2081,108,80,-64,110270566219017184,2040,99,2060,37
1103,2081,185,-96,-160,110270566222193968,2040,57,2051,101
1105,2080,89,-112,80,110270566227964784,2030,64,2051,10
1105,2081,128,-112,64,110270566227964784,2030,64,2051,10
1108,2081,130,-48,48,110270566237360672,2040,88,2051,28
1110,2070,99,32,64,110270566243860384,2031,8,2050,43
1110,2071,138,32,48,110270566243860384,2031,8,2050,43
1110,2080,115,-160,-16,110270566243937728,2030,77,2051,130
1110,2080,116,96,48,110270566243989296,2030,78,2060,21
1110,2080,118,-32,-16,110270566244035936,2030,80,2050,50
1110,2081,61,96,16,110270566243989296,2030,78,2060,21
1111,2070,159,0,80,110270566247127584,2031,130,2050,59
1111,2071,174,-16,16,110270566247036960,2031,127,2060,112
1111,2080,76,0,-16,110270566247156880,2030,37,2061,11
1111,2081,170,-48,16,110270566247156880,2030,37,2051,20
1112,2071,23,16,64,110270566250122176,2030,43,2051,138
1112,2080,123,-128,96,110270566249850800,2031,56,2061,50
1112,2081,148,-128,96,110270566249850800,2031,56,2061,50
1115,2080,73,-32,0,110270566259472464,2031,34,2050,42
1121,2070,122,16,16,110270566278306720,2030,104,2061,52
1121,2071,138,16,16,110270566278306720,2030,104,2061,52
1123,2071,63,-48,16,110270566285043664,2031,42,2060,53
1123,2080,141,-80,16,110270566284912720,2041,179,2051,116
1123,2081,74,-80,16,110270566284912720,2041,179,2051,116
1124,2080,147,-32,16,110270566288094480,2041,125,2051,42
1125,2080,61,16,-16,110270566291056592,2031,22,2050,79
1126,2070,173,0,32,110270566294068176,2040,155,2061,55
1126,2080,87,48,-48,110270566294236352,2040,161,2061,59
1126,2081,45,48,-32,110270566294236352,2040,161,2061,59
1129,2080,165,32,0,110270566303500608,2040,41,2061,30
1129,2081,70,32,0,110270566303500608,2040,41,2061,30
1130,2071,7,-32,64,110270566306534896,2031,113,2050,47
1130,2080,89,32,-16,110270566306699008,2030,142,2061,133
1130,2081,17,32,0,110270566306699008,2030,142,2061,133
1131,2080,55,-48,-32,110270566309964496,2040,32,2050,44
1131,2081,73,-48,-32,110270566309964496,2040,32,2050,44
1132,2080,285,-96,48,110270566312982592,2041,270,2061,375
1133,2070,151,-64,96,110270566316048768,2041,140,2051,28
1133,2070,152,112,96,110270566316115168,2040,50,2060,131
1133,2071,153,-64,80,110270566316048768,2041,140,2051,28
1134,2080,68,32,32,110270566319315296,2030,36,2060,52
1136,2081,57,32,-16,110270566325318432,2031,68,2060,80
1138,2080,81,-16,-112,110270566331735456,2030,123,2060,53
1140,2080,121,-64,0,110270566338221088,2041,68,2051,55
1140,2081,96,-64,-48,110270566338221088,2041,68,2051,55
1146,2080,136,-48,-16,110270566356702560,2040,83,2050,101
1146,2081,151,-48,0,110270566356702560,2040,83,2050,101
1147,2070,124,0,0,110270566360024720,2041,116,2061,3
1151,2071,155,-96,176,110270566372644512,2041,142,2051,115
1151,2080,135,-16,48,110270566372950592,2030,99,2051,122
1151,2081,111,-16,-32,110270566372950592,2030,99,2051,122
1152,2070,207,32,48,110270566376399504,2031,67,2060,83
1152,2071,35,-48,64,110270566376020496,2031,54,2050,113
1152,2071,37,16,32,110270566376147184,2040,89,2060,78
1152,2071,39,32,48,110270566376399504,2031,67,2060,83
1153,2080,109,-64,48,110270566378998736,2040,86,2060,24
1154,2071,19,32,64,110270566382170224,2030,21,2060,59
1154,2080,94,-32,-32,110270566382720256,2031,56,2050,45
1157,2081,152,-96,112,110270566392086880,2031,98,2060,81
1159,2071,52,-144,128,110270566397879936,2031,94,2051,159
1161,2080,141,-96,-64,110270566404328928,2041,96,2051,79
1161,2081,21,-96,-32,110270566404328928,2041,96,2051,79
1163,2081,61,0,-32,110270566410479312,2031,41,2051,95
1164,2080,143,0,-32,110270566413385344,2031,66,2051,152
1164,2081,163,0,-16,110270566413385344,2031,66,2051,152
1166,2070,78,80,64,110270566419770160,2041,33,2060,55
1166,2071,70,80,80,110270566419770160,2041,33,2060,55
1168,2080,151,-16,48,110270566426042688,2030,20,2051,90
1168,2081,71,-16,64,110270566426042688,2030,20,2051,90
1169,2080,84,-16,-48,110270566429195456,2030,93,2050,46
1169,2081,22,0,32,110270566429195456,2031,133,2051,63
1169,2081,25,0,32,110270566429290784,2030,97,2050,49
1169,2081,33,-16,0,110270566429704848,2040,44,2050,61
1170,2080,84,80,48,110270566432474288,2030,143,2050,71
1170,2081,44,80,32,110270566432474288,2030,143,2050,71
1172,2080,104,-16,-48,110270566439372624,2041,180,2050,128
1172,2081,37,-16,-32,110270566439372624,2041,180,2050,128
1173,2071,84,160,144,110270566442009680,2041,144,2051,89
1174,2081,124,32,16,110270566445246208,2030,137,2051,67
1175,2070,99,32,64,110270566448722304,2040,117,2060,79
1176,2080,25,-16,0,110270566451874080,2031,60,2051,4
1176,2081,72,-16,0,110270566451874080,2031,60,2051,4
1178,2080,119,0,-64,110270566458315456,2040,23,2060,75
1178,2080,120,-32,-16,110270566458323344,2031,63,2051,105
1180,2070,65,-128,112,110270566464358144,2030,29,2050,82
1182,2071,142,96,160,110270566470875488,2040,40,2060,99
1183,2080,60,16,-16,110270566473755648,2030,45,2050,80
1183,2081,32,16,-32,110270566473755648,2030,45,2050,80
1186,2080,72,0,-16,110270566483607024,2030,137,2051,53
1186,2081,95,48,16,110270566483607024,2040,126,2051,53
1187,2080,88,-48,0,110270566486657472,2030,141,2050,54
1188,2080,165,0,-16,110270566489607296,2040,20,2051,124
1188,2080,168,0,-80,110270566489696896,2040,23,2050,151
1188,2081,85,0,0,110270566489607296,2040,20,2051,124
1188,2081,87,0,-80,110270566489696896,2040,23,2050,151
1189,2080,88,-32,0,110270566492501280,2041,102,2051,55
1189,2081,43,-112,-16,110270566492597840,2041,105,2051,57
1190,2080,36,48,0,110270566495929424,2030,90,2061,81
1190,2081,32,48,-32,110270566495929424,2030,90,2061,81
1191,2080,108,32,32,110270566498772960,2031,80,2061,139
1191,2081,25,32,0,110270566498772960,2031,80,2061,139
1191,2081,32,32,-80,110270566499295824,2030,43,2060,104
